episode,length,time,reward,delta
0,82.0,0.009258999999929074,0.0,-0.00034169945499727217
1,10.0,0.0008969999998953426,0.0,-0.00010159892333824408
2,15.0,0.0030179999998836138,0.0,4.4905112523834845e-05
3,38.0,0.0034860000000662694,0.0,-1.015989233382438e-05
4,36.0,0.0028860000002168817,0.0,4.349006085750451e-05
5,44.0,0.0032579999997324194,0.0,-0.0008208162117032538
6,66.0,0.00485400000025038,0.0,-0.0006236830700686351
7,9.0,0.0007230000001072767,0.0,0.00023036521176725738
8,65.0,0.004821999999876425,0.0,1.1260034782432492e-07
9,40.0,0.003008000000136235,0.0,-0.0005706186112642514
10,27.0,0.0019839999999931024,0.0,0.0002466583530929629
11,9.0,0.0007909999999355932,0.0,-5.31598412139725e-05
12,21.0,0.0015900000003057357,0.0,9.407819548234116e-05
13,13.0,0.0011249999997744453,0.0,0.00026244045070309286
14,24.0,0.0018499999996492988,0.0,2.6244045070309275e-05
15,24.0,0.00179100000013932,0.0,0.00025663668193019273
16,4.0,0.0003999999998995918,0.0,2.624404507030906e-06
17,19.0,0.0015939999998408894,0.0,7.343658686229072e-05
18,15.0,0.0014660000001640583,0.0,-7.550511955989369e-06
19,27.0,0.0020520000002761662,0.0,-7.550511955989369e-07
20,8.0,0.0006520000001728476,0.0,9.407819548234086e-06
21,20.0,0.0016910000003917958,0.0,-5.315984121397261e-06
22,26.0,0.0019019999999727588,0.0,2.566366819301924e-05
23,8.0,0.0007049999999253487,0.0,0.00018991030266519806
24,73.0,0.0053829999997105915,0.0,0.00026828503962328214
25,40.0,0.0029810000000907166,0.0,4.349006085750456e-06
26,11.0,0.0012030000002596353,0.0,0.00025132544164803775
27,19.0,0.0014209999999366119,0.0,-0.0004961494317268572
28,45.0,0.0035570000000006985,0.0,-9.259387177894913e-05
29,19.0,0.0014139999998405983,0.0,2.5132544164803796e-05
30,39.0,0.002840000000105647,0.0,9.422056643729692e-05
31,39.0,0.002800000000206637,0.0,-8.081482206936415e-05
32,26.0,0.001993999999740481,0.0,0.00010471164394577993
33,50.0,0.003580000000056316,0.0,-9.259387177894902e-06
34,23.0,0.0017629999997552659,0.0,1.1260034782454176e-08
35,30.0,0.0021839999999428983,0.0,0.0003115602819874293
36,12.0,0.00102100000003702,0.0,0.00025865612197060117
37,9.0,0.0007189999996626284,0.0,0.0003145474186488933
38,4.0,0.00036399999999048305,0.0,3.115602819874294e-05
39,17.0,0.001287999999931344,0.0,3.1156028198742994e-06
40,4.0,0.00036300000010669464,0.0,3.1156028198743536e-07
41,33.0,0.002466000000367785,0.0,0.00025265563283457707
42,31.0,0.002243999999791413,0.0,1.047116439457799e-05
43,49.0,0.003616999999849213,0.0,0.0002579705730647728
44,6.0,0.0005159999996067199,0.0,2.579705730647731e-05
45,6.0,0.0005479999999806751,0.0,0.0002560357496893777
46,13.0,0.0010529999999562278,0.0,2.560357496893777e-05
47,44.0,0.0032620000001770677,0.0,4.349006085750239e-07
48,59.0,0.004212000000279659,0.0,0.00017742890426553665
49,35.0,0.0028290000000197324,0.0,0.0003078158589060799
50,41.0,0.0029480000002877205,0.0,1.1260034782291546e-09
51,34.0,0.0025469999995948456,0.0,-5.3953828164247605e-05
52,36.0,0.003117000000202097,0.0,0.00029243796992287546
53,12.0,0.001055000000178552,0.0,1.047116439457799e-06
54,37.0,0.0030169999999998254,0.0,0.00021159434942683722
55,7.0,0.0005840000003445311,0.0,0.00031237867813275886
56,9.0,0.0007169999998950516,0.0,0.000275069884915454
57,106.0,0.007792000000335975,0.0,-0.00010573249178525394
58,4.0,0.0003959999999096908,0.0,2.7506988491545403e-05
59,160.0,0.013633999999910884,0.0,2.1159434942683735e-05
60,16.0,0.0021639999999933934,0.0,0.0003103294752281815
61,12.0,0.0011629999999058782,0.0,0.0003191165670454374
62,43.0,0.0032919999998739513,0.0,0.00015175029277415104
63,12.0,0.000984999999673164,0.0,3.1911656704543745e-05
64,33.0,0.0024310000003424648,0.0,0.00020461776365101743
65,29.0,0.0022679999997308187,0.0,0.00034941026245863136
66,17.0,0.0012790000000677537,0.0,3.191165670454396e-06
67,39.0,0.002880999999888445,0.0,0.0003122015812323252
68,25.0,0.0018370000002505549,0.0,0.00034057320334276634
69,40.0,0.003117999999631138,0.0,0.00025173321495156086
70,20.0,0.0015710000002400193,0.0,3.494102624586315e-05
71,78.0,0.005591999999978725,0.0,3.405732033427662e-05
72,24.0,0.002872999999908643,0.0,0.00031008223597867263
73,32.0,0.003181999999924301,0.0,3.405732033427689e-06
74,8.0,0.0006640000001425506,0.0,0.00032013175167471946
75,14.0,0.0022830000002613815,0.0,3.201317516747195e-05
76,37.0,0.0036039999999957217,0.0,0.0003192467234878783
77,64.0,0.008839999999963766,0.0,2.0461776365101702e-05
78,7.0,0.0007160000000112632,0.0,3.2013175167472005e-06
79,18.0,0.0018230000000585278,0.0,3.201317516747255e-07
80,44.0,0.00514500000008411,0.0,1.7742890426553624e-05
81,47.0,0.005421000000296772,0.0,0.00032466472968228303
82,52.0,0.007818999999926746,0.0,-0.0005008590287460095
83,44.0,0.0037380000003395253,0.0,3.100822359786723e-05
84,13.0,0.0016329999998561107,0.0,8.839466493700817e-05
85,27.0,0.0034949999999298598,0.0,0.0002509891046857087
86,8.0,0.0007609999997839623,0.0,0.0003092808387610269
87,88.0,0.009544000000005326,0.0,0.00032272693830341203
88,43.0,0.0037250000000312866,0.0,0.00018683220240999583
89,50.0,0.004105999999865162,0.0,-0.0005657421958215123
90,37.0,0.0029100000001562876,0.0,0.00022482723078751262
91,19.0,0.0015330000001085864,0.0,0.00029976500730013534
92,5.0,0.00044699999989461503,0.0,0.0003237940881486326
93,17.0,0.0017339999999421707,0.0,3.237940881486328e-05
94,17.0,0.0036330000002635643,0.0,8.839466493700834e-06
95,34.0,0.002645999999913329,0.0,0.0003111821351023788
96,31.0,0.002539000000069791,0.0,3.1118213510237874e-05
97,21.0,0.0038529999997081177,0.0,0.0003216354724414993
98,31.0,0.002441999999973632,0.0,0.00031568456444849656
99,20.0,0.0015499999999519787,0.0,0.000286130180413808
100,17.0,0.0029480000002877205,0.0,0.0003509982135149614
101,71.0,0.005313999999998487,0.0,1.774289042655384e-06
102,84.0,0.009994999999889842,0.0,3.2163547244149935e-05
103,43.0,0.0031400000002577144,0.0,3.111821351023793e-06
104,18.0,0.0013410000001385924,0.0,0.0003201095473390835
105,108.0,0.010804999999891152,0.0,3.201095473390832e-05
106,81.0,0.010080000000016298,0.0,0.0003140005379712879
107,7.0,0.0005980000000818109,0.0,0.00032651723121795344
108,22.0,0.001623000000108732,0.0,-0.00018302958614001665
109,22.0,0.0039810000002944435,0.0,0.00011198285077415918
110,35.0,0.002793999999994412,0.0,0.00020213489661685268
111,65.0,0.004637999999886233,0.0,0.00029098070280543514
112,9.0,0.002223999999841908,0.0,0.00032553621483138204
113,11.0,0.0010359999996580882,0.0,0.00025894108087653686
114,18.0,0.0013659999999617867,0.0,0.00025870157049215136
115,35.0,0.0026130000001103326,0.0,0.0003132295702402405
116,17.0,0.002824999999575084,0.0,3.1322957024024017e-05
117,49.0,0.0037109999998392595,0.0,0.00031486652942460655
118,25.0,0.001888000000235479,0.0,0.0003179478548027172
119,12.0,0.002941000000191707,0.0,3.179478548027173e-05
120,21.0,0.0017170000000987784,0.0,3.1794785480271782e-06
121,31.0,0.002253999999993539,0.0,2.0213489661685268e-05
122,45.0,0.006655000000137079,0.0,0.00030905287575862684
123,28.0,0.0021400000000539876,0.0,0.0003174015982165865
124,58.0,0.004168000000390748,0.0,0.00032282058550838145
125,11.0,0.002494000000297092,0.0,3.228205855083813e-05
126,19.0,0.0016219999997701962,0.0,-7.631087062967437e-05
127,15.0,0.0011360000003151072,0.0,0.00032319631057399305
128,56.0,0.005493000000114989,0.0,0.0002601029292466422
129,25.0,0.0025970000001507287,0.0,0.00019749019876192048
130,31.0,0.0022719999997207196,0.0,0.0003128711892849559
131,42.0,0.006505000000288419,0.0,0.00029301348320627773
132,45.0,0.0033990000001722365,0.0,-0.00040057725630924493
133,88.0,0.009958999999980733,0.0,-0.0003644890385023472
134,31.0,0.0022629999998571293,0.0,0.00031734548142827454
135,22.0,0.0016129999999066058,0.0,0.0002596693965188461
136,29.0,0.0052510000000438595,0.0,0.00031843859673318445
137,18.0,0.001768999999967491,0.0,0.000323225136216537
138,12.0,0.0009390000000166765,0.0,3.2322513621653665e-05
139,32.0,0.0023459999997612613,0.0,2.021348966168516e-06
140,25.0,0.004503999999997177,0.0,3.232251362165388e-06
141,24.0,0.0017980000002353336,0.0,3.2322513621651713e-07
142,11.0,0.0008599999996476981,0.0,3.23225136216734e-08
143,49.0,0.00720099999989543,0.0,1.7742890426553299e-07
144,20.0,0.0015520000001743028,0.0,2.596693965188461e-05
145,30.0,0.002264000000195665,0.0,1.974901987619206e-05
146,57.0,0.008097000000361732,0.0,0.00022589919193835456
147,8.0,0.000665000000026339,0.0,0.00032722162814276793
148,13.0,0.0009979999999814027,0.0,0.0002544895203140351
149,42.0,0.00599899999997433,0.0,0.00020498850468583929
150,16.0,0.0016369999998460116,0.0,0.00031809099910358365
151,9.0,0.0007250000003296009,0.0,0.00029242950937373945
152,23.0,0.0018549999999777356,0.0,2.9242950937373945e-05
153,19.0,0.004338999999617954,0.0,0.00026129688734132347
154,14.0,0.001093999999739026,0.0,0.00028863099861968874
155,6.0,0.000511999999616819,0.0,2.8863099861968858e-05
156,36.0,0.004055000000334985,0.0,0.0002973038071702592
157,8.0,0.0010040000001936278,0.0,0.0002774985957484698
158,54.0,0.003971999999976106,0.0,-9.587800388109703e-05
159,30.0,0.0024939999998423446,0.0,0.00029113169999181297
160,111.0,0.009086000000024796,0.0,2.612968873413234e-05
161,55.0,0.005174000000351953,0.0,2.6129688734132287e-06
162,22.0,0.0025720000003275345,0.0,0.0003134617620791433
163,58.0,0.0041879999998855055,0.0,0.0002144882304602689
164,36.0,0.0035080000002380984,0.0,-1.7845075706286566e-06
165,21.0,0.003424999999879219,0.0,0.00032059881153634497
166,70.0,0.005436999999801628,0.0,2.1448823046026923e-05
167,19.0,0.003511999999773252,0.0,0.00036086193697753427
168,6.0,0.000691000000188069,0.0,0.0003123640965463478
169,4.0,0.0003920000003745372,0.0,3.123640965463478e-05
170,48.0,0.0038179999996827974,0.0,0.00029070397818661055
171,23.0,0.004509000000325614,0.0,0.00032539284543060587
172,34.0,0.0025420000001759036,0.0,-9.587800388109714e-06
173,32.0,0.0024690000000191503,0.0,0.0003107243025267901
174,28.0,0.004767999999785388,0.0,0.0002598580578280986
175,39.0,0.003440999999838823,0.0,0.0002970027750275691
176,12.0,0.0009350000000267755,0.0,0.0003278475292465518
177,15.0,0.0037569999999504944,0.0,0.0002602909404620606
178,24.0,0.001971000000139611,0.0,2.602909404620605e-05
179,80.0,0.008580000000165455,0.0,0.0002595847056735167
180,8.0,0.0008250000000771252,0.0,2.602909404620605e-06
181,12.0,0.001336000000264903,0.0,0.0002585273984247932
182,12.0,0.0009340000001429871,0.0,2.6029094046207133e-07
183,9.0,0.0018839999997908308,0.0,0.0002825671216771481
184,15.0,0.0020169999997960986,0.0,0.00025867835083318047
185,27.0,0.0022870000002512825,0.0,0.0002768946895817063
186,18.0,0.0013619999999718857,0.0,2.6029094046212554e-08
187,48.0,0.004968999999618973,0.0,2.6029094046158344e-09
188,13.0,0.001224999999976717,0.0,2.602909404398994e-10
189,10.0,0.0010959999999613501,0.0,0.0003180115095103682
190,20.0,0.0024919999996200204,0.0,0.00029632946270773987
191,48.0,0.0035939999997935956,0.0,0.00025916198956632964
192,30.0,0.0060210000001461594,0.0,2.8256712167714824e-05
193,58.0,0.004549000000224623,0.0,2.591619895663292e-05
194,16.0,0.0013519999997697596,0.0,0.00026011986332038063
195,59.0,0.009648000000197499,0.0,0.0002937901266235463
196,19.0,0.0027380000001357985,0.0,0.00028592298996771883
197,51.0,0.009062999999969179,0.0,-7.695732938375367e-05
198,16.0,0.002804000000196538,0.0,0.0002038481329099027
199,19.0,0.004021999999622494,0.0,0.0002559620463064979
200,13.0,0.0013289999997141422,0.0,2.0384813290990245e-05
201,51.0,0.01036500000009255,0.0,-7.631087062967426e-06
202,35.0,0.0034239999999954307,0.0,2.559620463064979e-05
203,46.0,0.006973000000016327,0.0,0.000326417544786361
204,18.0,0.0026089999996656843,0.0,-0.0004263614347341121
205,25.0,0.005024000000048545,0.0,2.5596204630650007e-06
206,19.0,0.0029669999998986896,0.0,0.0002828962483316292
207,12.0,0.0035250000000814907,0.0,0.00032750761222563655
208,27.0,0.002545999999711057,0.0,3.275076122256367e-05
209,18.0,0.004072000000178377,0.0,3.275076122256351e-06
210,12.0,0.0037650000003850437,0.0,0.00027879517482718726
211,28.0,0.0023070000002007873,0.0,2.78795174827187e-05
212,40.0,0.005657000000155676,0.0,0.0003162150980963298
213,36.0,0.0028350000002319575,0.0,0.00029473000983803706
214,5.0,0.0009120000004259055,0.0,2.7879517482718537e-06
215,7.0,0.0008479999996779952,0.0,2.787951748271745e-07
216,9.0,0.0007259999997586419,0.0,2.787951748270661e-08
217,19.0,0.001708000000235188,0.0,0.00032404041092734824
218,23.0,0.004053000000112661,0.0,3.240404109273483e-05
219,9.0,0.0009469999999964784,0.0,3.2404041092734992e-06
220,12.0,0.0009850000001279113,0.0,0.00029575505583341876
221,7.0,0.0006310000003395544,0.0,0.00031034731216730024
222,4.0,0.0003729999998540734,0.0,3.240404109273228e-07
223,39.0,0.005478000000039174,0.0,-3.644890385023469e-05
224,46.0,0.003360000000157015,0.0,0.000298614513179172
225,10.0,0.0022730000000592554,0.0,0.000259899893174907
226,30.0,0.0024040000002969464,0.0,2.5989989317490693e-05
227,18.0,0.001423000000158936,0.0,3.2404041092753966e-08
228,7.0,0.000582000000122207,0.0,2.598998931749091e-06
229,43.0,0.008126000000174827,0.0,-9.587800388109551e-07
230,51.0,0.0036789999999200518,0.0,-3.6448903850234905e-06
231,31.0,0.004113999999844964,0.0,1.1198285077415908e-05
232,60.0,0.00484199999982593,0.0,-3.644890385023328e-07
233,18.0,0.0013659999999617867,0.0,2.9473000983803717e-05
234,22.0,0.0036030000001119333,0.0,0.0003693938194388057
235,11.0,0.0009259999997084378,0.0,0.0003189187160885196
236,14.0,0.0010709999996834085,0.0,0.00028782857375930364
237,23.0,0.0018129999998564017,0.0,-4.005772563092446e-05
238,19.0,0.0026349999998274143,0.0,2.878285737593038e-05
239,19.0,0.0015960000000632135,0.0,-4.2864866934178676e-05
240,9.0,0.0008069999998951971,0.0,0.0002846349505718305
241,6.0,0.0006589999998141138,0.0,2.846349505718302e-05
242,7.0,0.001044999999976426,0.0,2.947300098380388e-06
243,22.0,0.0017970000003515452,0.0,-3.6448903850206174e-08
244,32.0,0.002320999999938067,0.0,0.0003261259081823076
245,26.0,0.0020389999999679276,0.0,-9.587800388111177e-08
246,45.0,0.005766999999650579,0.0,0.00010048671360598035
247,44.0,0.0037790000001223234,0.0,2.8463495057182912e-06
248,34.0,0.004662000000280386,0.0,0.00029998559989239895
249,18.0,0.001340000000254804,0.0,0.00032393905889516227
250,79.0,0.010170000000016444,0.0,0.0003033194874294679
251,25.0,0.0019369999999980791,0.0,0.00031061571521725427
252,28.0,0.002138999999715452,0.0,0.0002638976847132347
253,23.0,0.0037670000001526205,0.0,0.00032670413908588195
254,41.0,0.0031609999996362603,0.0,3.2670413908588174e-05
255,26.0,0.0019940000001952285,0.0,3.033194874294676e-05
256,15.0,0.001510000000052969,0.0,3.2670413908588336e-06
257,15.0,0.003373999999894295,0.0,0.00032602925754649214
258,60.0,0.0051159999998162675,0.0,-0.00012232596204132112
259,23.0,0.004651000000194472,0.0,0.0002594397364430852
260,38.0,0.0028319999996710976,0.0,0.0002954412452013085
261,24.0,0.0017679999996289553,0.0,0.0002681782372243141
262,10.0,0.0028680000000349537,0.0,0.0002822162266390079
263,34.0,0.003044999999929132,0.0,0.000303324132755836
264,29.0,0.0021160000001145818,0.0,0.00031683866194120975
265,19.0,0.0037189999998190615,0.0,3.168386619412095e-05
266,10.0,0.000976000000264321,0.0,2.8221622663900786e-05
267,14.0,0.0011230000000068685,0.0,0.0003199315190260376
268,25.0,0.0019699999998010753,0.0,0.0002914107440348063
269,24.0,0.005740000000059808,0.0,2.914107440348066e-05
270,29.0,0.0022160000003168534,0.0,0.00025301748414138244
271,58.0,0.0049310000003970345,0.0,2.5301748414138206e-05
272,13.0,0.0029650000001311128,0.0,0.000321015682474395
273,59.0,0.004275999999663327,0.0,-0.00023096525960001073
274,18.0,0.001400999999987107,0.0,0.00031947133145705916
275,41.0,0.005548000000089814,0.0,0.00031073402932455354
276,46.0,0.0034070000001520384,0.0,3.1073402932455365e-05
277,65.0,0.009026000000176282,0.0,0.00029007135427763683
278,9.0,0.0007279999999809661,0.0,0.000297920417114349
279,23.0,0.0017579999998815765,0.0,0.00030527533457052036
280,55.0,0.008025999999972555,0.0,0.00018126877369816044
281,36.0,0.0027380000001357985,0.0,-1.3829852497750214e-05
282,28.0,0.002160999999887281,0.0,0.000170676626615214
283,7.0,0.0023019999998723506,0.0,0.0003271064307406124
284,36.0,0.0026750000001811713,0.0,0.00010226023858124375
285,21.0,0.0016269999996438855,0.0,-4.0057725630924515e-06
286,21.0,0.00320400000009613,0.0,0.0003125082493356784
287,24.0,0.0019290000000182772,0.0,0.0003116466652498866
288,17.0,0.0013960000001134176,0.0,3.116466652498866e-05
289,55.0,0.00792600000022503,0.0,-1.382985249775016e-06
290,16.0,0.0012339999998403073,0.0,0.0001838989005098853
291,7.0,0.0006330000001071312,0.0,0.0003230932281986542
292,27.0,0.0021280000000842847,0.0,0.00032505013378245664
293,42.0,0.0034659999996620172,0.0,0.00022761147657098484
294,18.0,0.0016140000002451416,0.0,3.250501337824567e-05
295,37.0,0.0027239999999437714,0.0,0.000369511144184266
296,42.0,0.0030219999998735148,0.0,2.276114765709851e-05
297,49.0,0.0035939999997935956,0.0,0.0002541495843098791
298,12.0,0.0011970000000474101,0.0,0.0003258733743358404
299,11.0,0.0008699999998498242,0.0,3.258733743358405e-05
300,35.0,0.0025180000002364977,0.0,3.125082493356783e-05
301,31.0,0.0023539999997410632,0.0,1.8683220240999616e-05
302,11.0,0.001033000000006723,0.0,0.0002890209949570131
303,40.0,0.002983999999742082,0.0,1.8683220240999616e-06
304,35.0,0.0029629999999087886,0.0,0.0003280628757152164
305,18.0,0.0014109999997344858,0.0,0.00027346814438950065
306,46.0,0.0034769999997479317,0.0,2.734681443895007e-05
307,28.0,0.0028189999998176063,0.0,0.0003001033694438231
308,11.0,0.001033000000006723,0.0,3.00103369443823e-05
309,12.0,0.0013359999998101557,0.0,0.00032728715792888275
310,17.0,0.0013290000001688895,0.0,3.0010336944382245e-06
311,32.0,0.002779999999802385,0.0,0.00030771892026451884
312,12.0,0.0009509999999863794,0.0,0.0003086036788092427
313,66.0,0.005376000000069325,0.0,0.0002049598541618088
314,36.0,0.0027020000002266897,0.0,0.0002812005800290519
315,16.0,0.0013309999999364663,0.0,3.086036788092425e-05
316,57.0,0.005253999999695225,0.0,0.00024023821668127594
317,11.0,0.0008619999998700223,0.0,0.0002970517166160562
318,14.0,0.001520000000255095,0.0,2.812005800290518e-05
319,16.0,0.0012759999999616412,0.0,0.0002048875742697368
320,22.0,0.0016310000000885339,0.0,2.0488757426973664e-05
321,13.0,0.0017779999998310814,0.0,0.0002501533434729469
322,27.0,0.00200700000004872,0.0,-8.20816211703254e-05
323,18.0,0.0015869999997448758,0.0,0.00028784918874160857
324,9.0,0.0007259999997586419,0.0,2.97051716616056e-05
325,37.0,0.0031589999998686835,0.0,0.00025341764690430067
326,7.0,0.0005839999998897838,0.0,0.0002634056889510964
327,22.0,0.001625000000331056,0.0,2.812005800290518e-06
328,32.0,0.002553000000261818,0.0,2.6340568895109645e-05
329,33.0,0.002904999999827851,0.0,-4.263614347341119e-05
330,14.0,0.0011530000001584995,0.0,0.0002024880029258042
331,53.0,0.004188999999769294,0.0,0.0002117094122084257
332,9.0,0.0007180000002335873,0.0,0.00030878375325056644
333,17.0,0.0017979999997805862,0.0,0.0003252010611105208
334,7.0,0.0006640000001425506,0.0,3.087837532505665e-05
335,15.0,0.0011449999997239502,0.0,0.0002554649832560949
336,36.0,0.0030560000000150467,0.0,0.00017572971096854232
337,5.0,0.0004460000000108266,0.0,3.2520106111052095e-05
338,41.0,0.004280000000107975,0.0,0.00027764279068098166
339,32.0,0.002896999999848049,0.0,0.000253001351759995
340,17.0,0.0013659999999617867,0.0,7.329706963912373e-05
341,22.0,0.0017900000002555316,0.0,0.0003187461105421
342,23.0,0.0019459999998616695,0.0,0.0002558975735041355
343,16.0,0.0012139999998908024,0.0,0.00032574242022540126
344,6.0,0.0006300000000010186,0.0,0.0002789461770888181
345,17.0,0.001295999999911146,0.0,0.000304171677337162
346,22.0,0.002261999999973341,0.0,3.257424202254014e-05
347,103.0,0.007804999999734719,0.0,-8.208162117032553e-06
348,47.0,0.003533999999945081,0.0,-0.00020324579791610966
349,25.0,0.00200700000004872,0.0,0.0003688469983997672
350,6.0,0.0005120000000715663,0.0,0.00029721032534867894
351,14.0,0.0013850000000275031,0.0,0.00028725883710034014
352,41.0,0.003240999999889027,0.0,-5.4632503459982405e-05
353,59.0,0.004843000000164466,0.0,0.0002973227833158823
354,38.0,0.0032900000001063745,0.0,2.9732278331588225e-05
355,53.0,0.004006000000117638,0.0,2.5589757350413572e-05
356,31.0,0.002393000000211032,0.0,-1.1293677991861385e-05
357,17.0,0.0013739999999415886,0.0,0.0003214377452447157
358,58.0,0.0044020000000273285,0.0,0.0002442532256670348
359,15.0,0.0011429999999563734,0.0,0.0003245526825251272
360,33.0,0.002453999999943335,0.0,0.0003211849995476476
361,12.0,0.0009909999998853891,0.0,3.214377452447157e-05
362,22.0,0.0016430000000582368,0.0,0.0003199494988183015
363,13.0,0.001063999999587395,0.0,3.211849995476474e-05
364,24.0,0.0017840000000433065,0.0,3.214377452447146e-06
365,4.0,0.000367999999980384,0.0,3.214377452447417e-07
366,10.0,0.0008029999999052961,0.0,0.00025349835656672016
367,18.0,0.0013390000003710156,0.0,3.214377452447417e-08
368,12.0,0.0010259999999107094,0.0,3.2143774524691013e-09
369,30.0,0.002179000000069209,0.0,0.00030647994559987495
370,6.0,0.0005710000000362925,0.0,3.214377452360681e-10
371,47.0,0.003384000000096421,0.0,1.650039173189152e-05
372,16.0,0.0012060000003657478,0.0,3.214377451276479e-11
373,18.0,0.0014040000000932196,0.0,0.00025969217530779764
374,50.0,0.00375800000028903,0.0,2.5969217530779774e-05
375,10.0,0.000792000000274129,0.0,2.596921753077999e-06
376,65.0,0.004742000000078406,0.0,3.214377440434457e-12
377,10.0,0.0007909999999355932,0.0,0.00028438537095888005
378,4.0,0.0007860000000619038,0.0,2.843853709588799e-05
379,13.0,0.0016359999999622232,0.0,3.2143775488546744e-13
380,16.0,0.0012149999997745908,0.0,3.2143775488546744e-14
381,10.0,0.0009380000001328881,0.0,0.0002848522051931376
382,42.0,0.003293000000212487,0.0,0.00018561133098904617
383,5.0,0.000473000000056345,0.0,0.0002766503401861487
384,7.0,0.0005799999998998828,0.0,2.848522051931377e-05
385,4.0,0.0003660000002128072,0.0,2.8485220519313716e-06
386,5.0,0.0005289999999149586,0.0,2.8485220519315884e-07
387,7.0,0.0005830000000059954,0.0,2.8485220519315884e-08
388,67.0,0.005478000000039174,0.0,2.766503401861487e-05
389,28.0,0.002195999999912601,0.0,0.00026004694458917136
390,6.0,0.000555999999960477,0.0,0.0003262388190194489
391,49.0,0.0039590000001226144,0.0,-6.636793993152059e-05
392,40.0,0.002895000000080472,0.0,-6.636793993152065e-06
393,26.0,0.0022249999997256964,0.0,0.0003050701097092005
394,59.0,0.004433999999946536,0.0,0.0003166627296086356
395,30.0,0.0021849999998266867,0.0,0.00032443387243426123
396,30.0,0.0022939999998925487,0.0,0.00020791766149968867
397,39.0,0.0028229999998075073,0.0,-0.0005584438137258579
398,30.0,0.003189999999904103,0.0,0.0002226260657887143
399,12.0,0.0009400000003552123,0.0,0.00020201205839639238
400,34.0,0.002624000000196247,0.0,0.0003515349228626977
401,15.0,0.001310000000103173,0.0,2.0201205839639243e-05
402,36.0,0.0026779999998325366,0.0,0.00024911643418715153
403,28.0,0.002571999999872787,0.0,0.00030909600620625244
404,6.0,0.0006290000001172302,0.0,0.0003257641287393832
405,8.0,0.0006669999997939158,0.0,2.226260657887144e-05
406,40.0,0.0028839999999945576,0.0,0.0003183904037763199
407,28.0,0.0021360000000640866,0.0,0.00029896890623995096
408,53.0,0.003885999999965861,0.0,2.9896890623995085e-05
409,64.0,0.004509000000325614,0.0,0.0003263395699637558
410,26.0,0.0021160000001145818,0.0,0.0002142749969403891
411,22.0,0.0016740000000936561,0.0,0.0002857336089444823
412,20.0,0.0014690000002701709,0.0,0.00027166248251535107
413,22.0,0.0016120000000228174,0.0,0.00030238785691289073
414,48.0,0.0034679999998843414,0.0,0.0003252778155804494
415,25.0,0.001890000000003056,0.0,0.00024467449173072613
416,30.0,0.002175000000079308,0.0,0.0002881363665316844
417,9.0,0.0007110000001375738,0.0,0.0002872205600808951
418,27.0,0.0022710000002916786,0.0,0.0003661563131195838
419,41.0,0.003000000000156433,0.0,2.872205600808951e-05
420,10.0,0.0008329999996021797,0.0,0.00032767081157808497
421,16.0,0.0012349999997240957,0.0,3.276708115780851e-05
422,26.0,0.0018879999997807317,0.0,0.0003064628005204623
423,24.0,0.0017450000000280852,0.0,0.00036702491966923473
424,30.0,0.00225799999998344,0.0,3.661563131195837e-05
425,25.0,0.0018520000003263704,0.0,0.00032876142324673774
426,27.0,0.0020329999997557024,0.0,0.00031964383655497003
427,59.0,0.004170999999587366,0.0,-8.043981419142193e-05
428,16.0,0.0012019999999210995,0.0,0.00030686980768098446
429,9.0,0.0007749999999759893,0.0,0.0003189939310153599
430,41.0,0.0029429999999592837,0.0,0.0003175936535255184
431,27.0,0.0019659999998111743,0.0,3.6615631311958264e-06
432,14.0,0.0010580000002846646,0.0,3.6615631311958264e-07
433,25.0,0.0018110000000888249,0.0,3.1964383655497014e-05
434,53.0,0.0037550000001829176,0.0,0.00025866863882412726
435,19.0,0.0013960000001134176,0.0,0.0002488669948217967
436,65.0,0.004581000000143831,0.0,0.0002680513973958016
437,11.0,0.0008439999996880942,0.0,0.00031956214727028084
438,33.0,0.0023740000001453154,0.0,0.0003118594106264103
439,42.0,0.002985999999964406,0.0,0.0002599884978464258
440,14.0,0.0011269999999967695,0.0,0.000327799991324834
441,13.0,0.0009879999997792765,0.0,2.599884978464256e-05
442,43.0,0.0030600000000049477,0.0,0.00025605987159030687
443,13.0,0.0009869999998954881,0.0,0.0002583304501640393
444,34.0,0.002441999999973632,0.0,0.0003823730799988918
445,10.0,0.0007740000000922009,0.0,0.0002577397959203409
446,15.0,0.0011219999996683327,0.0,0.00032603598611241917
447,42.0,0.003159000000323431,0.0,3.260359861124193e-05
448,28.0,0.0021179999998821586,0.0,0.0003266273921451075
449,20.0,0.001536000000214699,0.0,3.118594106264104e-05
450,12.0,0.0009249999998246494,0.0,0.0003256205898456542
451,4.0,0.00046900000006644404,0.0,3.256205898456542e-05
452,6.0,0.0005219999998189451,0.0,0.0003087065945551394
453,31.0,0.0022610000000895525,0.0,0.0002807447344256689
454,31.0,0.0023649999998269777,0.0,0.0003224621184838149
455,17.0,0.0014500000002044544,0.0,0.000184698572495229
456,22.0,0.002199999999902502,0.0,0.00032650282833010015
457,10.0,0.0007949999999254942,0.0,0.0003256292910832081
458,15.0,0.0027869999998983985,0.0,0.0003115661376196415
459,30.0,0.002405000000180735,0.0,3.224621184838149e-05
460,8.0,0.0006549999998242129,0.0,3.1156613761964115e-05
461,25.0,0.0019789999996646657,0.0,0.00023586315865097254
462,31.0,0.004797999999937019,0.0,0.0002828391876727664
463,25.0,0.0018549999999777356,0.0,-6.636793993152119e-07
464,16.0,0.0014609999998356216,0.0,3.25629291083208e-05
465,22.0,0.004441999999926338,0.0,2.4886699482179703e-05
466,15.0,0.001675999999861233,0.0,2.4886699482179757e-06
467,10.0,0.0010269999997944979,0.0,0.00034815148552021317
468,21.0,0.003960999999890191,0.0,0.00032049738751056107
469,22.0,0.0018749999999272404,0.0,0.0003265531969441418
470,13.0,0.0012989999995625112,0.0,3.265531969441415e-05
471,54.0,0.0068059999998695275,0.0,0.00020134316311241562
472,7.0,0.0008459999999104184,0.0,0.0003269005830346557
473,21.0,0.0027369999997972627,0.0,3.2655319694413877e-06
474,6.0,0.0009530000002087036,0.0,3.269005830346556e-05
475,17.0,0.0015560000001642038,0.0,3.2246211848381274e-06
476,17.0,0.005169000000023516,0.0,0.0003339053725231493
477,14.0,0.0016000000000531145,0.0,3.2690058303465395e-06
478,8.0,0.0007150000001274748,0.0,0.00029107878095189685
479,11.0,0.003173999999944499,0.0,0.0002951547023154203
480,4.0,0.0006659999999101274,0.0,2.9515470231541996e-05
481,12.0,0.0011080000003858004,0.0,0.000291335719712996
482,6.0,0.0005180000002837915,0.0,2.9133571971299568e-05
483,14.0,0.0024430000003121677,0.0,0.0003279624734649848
484,40.0,0.004985000000033324,0.0,2.9107878095189664e-05
485,19.0,0.0025809999997363775,0.0,0.00029946865603932643
486,17.0,0.001295999999911146,0.0,2.994686560393265e-05
487,24.0,0.0018430000000080327,0.0,0.0003227521054493921
488,9.0,0.002286999999796535,0.0,2.9107878095189664e-06
489,7.0,0.001044999999976426,0.0,0.0003258621864093135
490,18.0,0.0022779999999329448,0.0,0.00032380579601577324
491,7.0,0.0027620000000752043,0.0,3.238057960157733e-05
492,7.0,0.0010139999999410065,0.0,2.9107878095189664e-07
493,17.0,0.0014169999999467109,0.0,3.2380579601577492e-06
494,17.0,0.004540999999790074,0.0,2.9107878095205927e-08
495,31.0,0.0023420000002261077,0.0,0.0002524646623625154
496,4.0,0.00044299999990471406,0.0,2.5246466236251573e-05
497,12.0,0.002070000000003347,0.0,2.5246466236251465e-06
498,14.0,0.0023969999997461855,0.0,0.00028105882120273726
499,13.0,0.0011309999999866704,0.0,0.00031466443014608784
500,15.0,0.0013189999999667634,0.0,0.000316629451465238
501,11.0,0.0020939999999427528,0.0,3.2586218640931345e-05
502,15.0,0.0020349999999780266,0.0,-6.636793993151577e-08
503,26.0,0.0019059999999626598,0.0,0.0003236402445975134
504,30.0,0.0024690000000191503,0.0,-0.00022760890199652892
505,55.0,0.007842999999866151,0.0,0.0003118751558357668
506,11.0,0.0008639999996375991,0.0,2.48866994821803e-07
507,39.0,0.005701000000044587,0.0,0.0002965581804495811
508,45.0,0.0039109999997890554,0.0,0.0002895791654957244
509,11.0,0.0008539999998902204,0.0,0.0003156987250775363
510,28.0,0.0039069999997991545,0.0,0.0003767128003574382
511,31.0,0.0023320000000239816,0.0,0.00017240080889747644
512,26.0,0.0019980000001851295,0.0,0.00032425233944477077
513,13.0,0.0010800000000017462,0.0,0.0003273299386621114
514,24.0,0.0018420000001242443,0.0,3.242523394447706e-05
515,28.0,0.0021090000000185682,0.0,1.724008088974761e-05
516,9.0,0.0008179999999811116,0.0,0.00030128826444251935
517,37.0,0.0026720000000750588,0.0,0.00027814456780134015
518,59.0,0.004290000000310101,0.0,0.00032738346051220405
519,18.0,0.0013349999999263673,0.0,0.0003004005524372114
520,12.0,0.001123999999890657,0.0,0.00032556640358727174
521,23.0,0.0017189999998663552,0.0,3.255664035872719e-05
522,5.0,0.0005099999998492422,0.0,3.2556640358726973e-06
523,10.0,0.0008249999996223778,0.0,0.00027920455978505356
524,10.0,0.0007829999999557913,0.0,2.792045597850535e-05
525,12.0,0.0010200000001532317,0.0,0.0002976721354400007
526,43.0,0.0031200000003082096,0.0,0.0002985508857938602
527,6.0,0.0005600000004051253,0.0,0.0002573070422335353
528,8.0,0.0006520000001728476,0.0,3.2556640358724805e-07
529,18.0,0.0013410000001385924,0.0,0.00030745546739177024
530,12.0,0.0009930000001077133,0.0,0.0002840363891377664
531,27.0,0.0019819999997707782,0.0,0.00028571899652400407
532,8.0,0.000665000000026339,0.0,0.0002670243447038522
533,49.0,0.003971999999976106,0.0,0.0002852819442955701
534,6.0,0.0006929999999556458,0.0,0.000327887426896448
535,47.0,0.0033400000002075103,0.0,0.0002933776279378063
536,27.0,0.0020709999998871353,0.0,0.00028970644805360413
537,7.0,0.0006079999998291896,0.0,0.00029290119043912924
538,13.0,0.001134000000092783,0.0,2.9290119043912924e-05
539,52.0,0.0037069999998493586,0.0,0.00028980074387686017
540,9.0,0.0010580000002846646,0.0,2.8980074387686017e-05
541,21.0,0.0016390000000683358,0.0,2.898007438768607e-06
542,22.0,0.0019470000002002052,0.0,0.0003052083281765774
543,18.0,0.0013500000000021828,0.0,3.0520832817657745e-05
544,20.0,0.0016260000002148445,0.0,3.0520832817657853e-06
545,10.0,0.0008060000000114087,0.0,0.00032720633558771286
546,25.0,0.0018279999999322172,0.0,3.052083281765731e-07
547,11.0,0.000905999999758933,0.0,3.272063355877128e-05
548,21.0,0.002163000000109605,0.0,0.00025262326352420435
549,21.0,0.0015920000000733125,0.0,0.00024875729344488596
550,8.0,0.0006419999999707215,0.0,0.00032273456709527664
551,14.0,0.0010619999998198182,0.0,2.4875729344488607e-05
552,9.0,0.0007279999999809661,0.0,0.000258959920437616
553,68.0,0.0048930000002656016,0.0,0.000286882961876399
554,13.0,0.0009950000003300374,0.0,2.8688296187639865e-05
555,42.0,0.003075000000080763,0.0,-7.919246828712765e-05
556,49.0,0.003478999999970256,0.0,0.0003352794766992253
557,10.0,0.0008669999997437117,0.0,0.0003673485678301339
558,57.0,0.004074999999829743,0.0,0.00031968230499153973
559,11.0,0.0009610000001885055,0.0,0.00013645264735398234
560,24.0,0.001758999999765365,0.0,7.142413316103916e-05
561,9.0,0.000849000000016531,0.0,0.00029641936539249417
562,12.0,0.0009430000000065775,0.0,0.00026582327373686943
563,19.0,0.0014070000001993321,0.0,0.0003018120617301827
564,48.0,0.003934999999728461,0.0,0.0002867324125703682
565,10.0,0.000841000000036729,0.0,3.673485678301337e-05
566,18.0,0.001415000000179134,0.0,0.00023530848037617383
567,30.0,0.0026069999998981075,0.0,0.00025920717707092955
568,6.0,0.000586000000112108,0.0,0.00029423670573540633
569,66.0,0.004915999999866472,0.0,0.00034055243382939606
570,10.0,0.0007900000000518048,0.0,2.9423670573540644e-05
571,12.0,0.0009179999997286359,0.0,2.942367057354048e-06
572,20.0,0.0017029999999067513,0.0,0.00025247209041205323
573,35.0,0.0025339999997413543,0.0,0.0002885360226494295
574,17.0,0.0013309999999364663,0.0,0.0002272385571710105
575,22.0,0.0016289999998662097,0.0,0.00032380020924117073
576,21.0,0.001728999999613734,0.0,3.238002092411708e-05
577,4.0,0.0003780000001825101,0.0,3.2380020924117187e-06
578,30.0,0.002235999999811611,0.0,3.23800209241199e-07
579,18.0,0.0014200000000528235,0.0,0.0002829860512179283
580,54.0,0.004012999999758904,0.0,2.829860512179285e-05
581,19.0,0.0014249999999265128,0.0,2.8853602264942958e-05
582,13.0,0.0009970000000976142,0.0,0.00029417390602378405
583,16.0,0.0012660000002142624,0.0,2.941739060237841e-05
584,15.0,0.0011319999998704589,0.0,0.00031241680630169234
585,9.0,0.0008560000001125445,0.0,0.0002527934916116672
586,24.0,0.00176499999997759,0.0,0.0003268192896046939
587,9.0,0.000713999999788939,0.0,0.00031717997959712294
588,12.0,0.000954000000092492,0.0,0.0003191756087909569
589,40.0,0.002862999999706517,0.0,0.0003397806543445706
590,43.0,0.0031129999997574487,0.0,0.0003036534234896507
591,13.0,0.0009860000000116997,0.0,0.00021167159503757428
592,8.0,0.0008499999999003194,0.0,0.00028643878301982923
593,22.0,0.0016300000002047454,0.0,2.8643878301982918e-05
594,28.0,0.0021019999999225547,0.0,0.0003270545219909269
595,12.0,0.000988999999663065,0.0,3.2705452199092684e-05
596,8.0,0.0006539999999404245,0.0,3.2705452199092468e-06
597,24.0,0.0020770000000993605,0.0,3.0365342348965066e-05
598,27.0,0.0019879999999830034,0.0,0.0003197518439112326
599,59.0,0.004309999999804859,0.0,-1.7845075706287108e-07
600,32.0,0.0024979999998322455,0.0,0.0002663053375912602
601,43.0,0.003118999999969674,0.0,0.0003194183452986673
602,13.0,0.001010999999834894,0.0,2.8643878301982863e-06
603,102.0,0.007340000000112923,0.0,-1.784507570629524e-08
604,67.0,0.004813000000012835,0.0,0.0002587709813169507
605,39.0,0.0028159999997114937,0.0,0.00032447445607345824
606,13.0,0.00099499999987529,0.0,0.000253128435603371
607,60.0,0.004308000000037282,0.0,0.00023579795330111428
608,11.0,0.0009970000000976142,0.0,0.00032766347086126904
609,9.0,0.0007309999996323313,0.0,0.0003210493823238727
610,4.0,0.000367999999980384,0.0,0.00029515403077540544
611,7.0,0.0005729999998038693,0.0,2.951540307754056e-05
612,24.0,0.001870000000053551,0.0,-1.2232596204132112e-05
613,24.0,0.0024120000002767483,0.0,2.116715950375742e-05
614,15.0,0.0011930000000575092,0.0,3.244744560734579e-05
615,65.0,0.004888999999820953,0.0,0.00030206036694372653
616,9.0,0.0007279999999809661,0.0,0.00030807773768678863
617,28.0,0.002181999999720574,0.0,3.080777376867884e-05
618,24.0,0.0017800000000534055,0.0,3.0807773768678787e-06
619,15.0,0.0012790000000677537,0.0,0.0003631586154823524
620,13.0,0.0010569999999461288,0.0,3.0807773768680956e-07
621,23.0,0.0018150000000787259,0.0,0.0003044513533087988
622,8.0,0.0009780000000318978,0.0,0.0002867594995386272
623,26.0,0.001938999999765656,0.0,3.080777376870264e-08
624,24.0,0.0019200000001546869,0.0,0.0002889868622923147
625,13.0,0.0009979999999814027,0.0,2.8898686229231446e-05
626,91.0,0.006519999999909487,0.0,0.00028462387784856675
627,23.0,0.0019019999999727588,0.0,0.0003216125406830934
628,25.0,0.0018240000003970636,0.0,3.0206036694372653e-05
629,18.0,0.0015639999996892584,0.0,3.216125406830931e-05
630,16.0,0.001213000000007014,0.0,0.0002164047078672022
631,21.0,0.0015510000002905144,0.0,0.0002788436249287656
632,9.0,0.000735999999960768,0.0,0.0003278353161867018
633,64.0,0.0047299999996539555,0.0,-9.203392161530078e-05
634,41.0,0.0029220000001259905,0.0,0.0003256462638864278
635,12.0,0.0009869999998954881,0.0,2.1640470786720226e-05
636,15.0,0.0012360000000626314,0.0,2.8462387784856675e-05
637,7.0,0.0005779999996775587,0.0,0.0003273957631858608
638,11.0,0.000998999999865191,0.0,3.0206036694372545e-06
639,68.0,0.004824999999982538,0.0,2.889868622923161e-06
640,5.0,0.0008020000000215077,0.0,0.00026030676781296487
641,12.0,0.0009389999995619291,0.0,2.8462387784856783e-06
642,22.0,0.0020169999997960986,0.0,0.00021794122878111087
643,34.0,0.003824999999778811,0.0,0.0003155733176259534
644,10.0,0.0011839999997391715,0.0,0.0003257794844736133
645,9.0,0.000841000000036729,0.0,3.2577948447361335e-05
646,61.0,0.004535000000032596,0.0,-6.655523357932904e-05
647,31.0,0.0029730000001109147,0.0,2.6030676781296444e-05
648,6.0,0.0006709999997838167,0.0,0.00029175327502753906
649,45.0,0.003420999999889318,0.0,5.630227515382712e-05
650,25.0,0.0023200000000542786,0.0,0.0002667109647915054
651,10.0,0.000905999999758933,0.0,0.00021599805315969652
652,16.0,0.0014750000000276486,0.0,0.000251755085869277
653,21.0,0.001573000000007596,0.0,2.6671096479150545e-05
654,14.0,0.0011190000000169675,0.0,2.5175508586927674e-05
655,4.0,0.0005310000001372828,0.0,0.00032336811989338486
656,46.0,0.003802000000177941,0.0,3.352794766992251e-05
657,28.0,0.0021110000002408924,0.0,0.000383630331833909
658,16.0,0.0012600000000020373,0.0,0.00036300004389966926
659,17.0,0.0013819999999213906,0.0,0.0003250675307378367
660,20.0,0.001890000000003056,0.0,0.00027186426265515026
661,35.0,0.0028839999999945576,0.0,0.0002601421216884412
662,14.0,0.0011409999997340492,0.0,0.00032303163887284405
663,14.0,0.0010659999998097192,0.0,0.0003082924572996379
664,25.0,0.002159000000119704,0.0,0.00025625117660245926
665,23.0,0.0021749999996245606,0.0,3.2303163887284405e-05
666,13.0,0.0011730000001080043,0.0,2.5625117660245953e-05
667,18.0,0.0013750000002801244,0.0,0.0003118676496888222
668,46.0,0.00397099999963757,0.0,0.0003240064575301199
669,12.0,0.0009399999999004649,0.0,3.2400645753011964e-05
670,13.0,0.0010780000002341694,0.0,0.0002562666306861401
671,9.0,0.0007689999997637642,0.0,0.00029267837081433333
672,10.0,0.0007780000000821019,0.0,0.00025513122954860736
673,37.0,0.0030659999997624254,0.0,0.00032440602972106335
674,6.0,0.0007220000002234883,0.0,0.00029774660360609245
675,9.0,0.0007770000001983135,0.0,0.00029176598807838385
676,28.0,0.0020979999999326537,0.0,3.630000438996692e-05
677,5.0,0.0004380000000310247,0.0,0.00028459264360959814
678,5.0,0.0005800000003546302,0.0,2.845926436095982e-05
679,17.0,0.0013199999998505518,0.0,0.00029312065790701523
680,13.0,0.0011800000002040179,0.0,0.00029768071316232285
681,23.0,0.0017620000003262248,0.0,-6.655523357932888e-06
682,10.0,0.0007930000001579174,0.0,0.0003154094406050749
683,23.0,0.0019619999998212734,0.0,0.00031459321954892467
684,12.0,0.0013359999998101557,0.0,0.00022039511188198818
685,17.0,0.0015619999999216816,0.0,0.00025546530404014253
686,5.0,0.00044399999978850246,0.0,3.1459321954892445e-05
687,9.0,0.0007260000002133893,0.0,3.2440602972106335e-05
688,35.0,0.0028010000000904256,0.0,0.00021680108465889928
689,16.0,0.0014470000000983418,0.0,3.082924572996379e-05
690,9.0,0.0007730000002084125,0.0,2.2039511188198823e-05
691,21.0,0.0015560000001642038,0.0,0.0003173092694715979
692,8.0,0.0010499999998501153,0.0,0.00031839971096325086
693,16.0,0.0012670000000980508,0.0,2.2039511188198715e-06
694,43.0,0.0033969999999499123,0.0,-1.784507570629524e-09
695,57.0,0.004069000000072265,0.0,3.173092694715976e-05
696,27.0,0.0021809999998367857,0.0,0.0002944617638040806
697,29.0,0.002573999999640364,0.0,0.0003170353194973826
698,28.0,0.002387999999882595,0.0,0.00031188057234538924
699,24.0,0.0022469999998975254,0.0,0.00020676396249832242
700,22.0,0.0016580000001340522,0.0,0.00032764603484627535
701,20.0,0.002118999999765947,0.0,0.00032606122300043934
702,47.0,0.0033589999998184794,0.0,0.0003457147461291862
703,10.0,0.0010099999999511056,0.0,2.0676396249832225e-05
704,33.0,0.0025300000002062006,0.0,0.0003250387450240716
705,11.0,0.0011549999999260763,0.0,2.2039511188200883e-07
706,47.0,0.0033650000000307045,0.0,0.00021139993692913402
707,9.0,0.0008239999997385894,0.0,0.0003183700566718444
708,12.0,0.0009690000001683075,0.0,0.0002197061887242958
709,11.0,0.0009129999998549465,0.0,3.183700566718444e-05
710,23.0,0.0017569999999977881,0.0,3.2503874502407145e-05
711,10.0,0.0007959999998092826,0.0,3.2503874502407253e-06
712,12.0,0.0009270000000469736,0.0,2.20395111881792e-08
713,42.0,0.003030999999737105,0.0,0.00033219246155867874
714,38.0,0.002795000000332948,0.0,0.00032673280794940095
715,41.0,0.003135000000384025,0.0,0.00032682026614185006
716,16.0,0.0012500000002546585,0.0,0.0003131571317476692
717,40.0,0.0029789999998683925,0.0,3.3219246155867846e-05
718,9.0,0.0008840000000418513,0.0,0.0003277353575887835
719,9.0,0.0007260000002133893,0.0,3.2773535758878335e-05
720,7.0,0.000582000000122207,0.0,3.2773535758878498e-06
721,18.0,0.0015050000001792796,0.0,2.168010846588991e-05
722,21.0,0.001576999999997497,0.0,0.0002470586212818651
723,56.0,0.004133000000365428,0.0,0.00027573032247877856
724,28.0,0.002077999999983149,0.0,0.00031270806503590947
725,15.0,0.001198000000385946,0.0,2.168010846588964e-06
726,17.0,0.0012759999999616412,0.0,0.0003260495816275539
727,18.0,0.00143900000011854,0.0,0.00025966961080398397
728,41.0,0.0029380000000855944,0.0,2.470586212818647e-05
729,19.0,0.0014489999998659187,0.0,0.00029227976474609105
730,20.0,0.0014779999996790139,0.0,0.0003190178493746929
731,10.0,0.000788000000284228,0.0,0.00028586579282539176
732,20.0,0.001584999999977299,0.0,0.00032522916006157273
733,21.0,0.0015619999999216816,0.0,3.252291600615732e-05
734,11.0,0.0008780000002843735,0.0,2.1970618872429548e-05
735,22.0,0.0016239999999925203,0.0,3.2522916006157533e-06
736,36.0,0.002678000000287284,0.0,2.1680108465888014e-07
737,23.0,0.0016859999996086117,0.0,0.0002838499656720661
738,10.0,0.0007839999998395797,0.0,3.2522916006155365e-07
739,15.0,0.0011979999999311985,0.0,3.25229160061391e-08
740,22.0,0.0016310000000885339,0.0,0.00037986274011434667
741,10.0,0.0009589999999661813,0.0,3.2522916006355942e-09
742,20.0,0.0014809999997851264,0.0,0.0002712960255041146
743,9.0,0.0007150000001274748,0.0,3.252291600635594e-10
744,27.0,0.0020930000000589644,0.0,0.0003045629165881708
745,12.0,0.0009330000002591987,0.0,0.0003476745061937512
746,16.0,0.0013939999998910935,0.0,0.0003331005667619413
747,13.0,0.0010139999999410065,0.0,0.0002897629288583028
748,17.0,0.0012689999998656276,0.0,0.0003182167919964222
749,16.0,0.0012649999998757266,0.0,2.8976292885830282e-05
750,10.0,0.0007940000000417058,0.0,0.00025623118688242316
751,5.0,0.00043900000036956044,0.0,2.5623118688242294e-05
752,35.0,0.002545000000282016,0.0,0.00029484678912180997
753,11.0,0.0008560000001125445,0.0,3.0456291658817046e-05
754,15.0,0.0013650000000779983,0.0,3.1821679199642186e-05
755,37.0,0.003013999999893713,0.0,0.000296193314196712
756,12.0,0.0011410000001887965,0.0,0.0003266633611570995
757,18.0,0.0013760000001639128,0.0,0.0002532830206433941
758,7.0,0.0005770000002485176,0.0,2.5328302064339388e-05
759,34.0,0.0025340000001961016,0.0,9.196346199459983e-05
760,21.0,0.0015779999998812855,0.0,3.0456291658816884e-06
761,23.0,0.0018169999998463027,0.0,0.00031052956167313707
762,27.0,0.0022719999997207196,0.0,0.0003199737429916094
763,5.0,0.00044399999978850246,0.0,3.199737429916092e-05
764,11.0,0.000954000000092492,0.0,0.00020340934876426328
765,11.0,0.0008669999997437117,0.0,3.1997374299160756e-06
766,38.0,0.003026000000318163,0.0,-6.655523357932671e-07
767,7.0,0.0006009999997331761,0.0,3.1052956167313675e-05
768,73.0,0.00547599999981685,0.0,3.457147461291863e-05
769,20.0,0.0015039999998407438,0.0,3.1997374299160214e-07
770,9.0,0.0007329999998546555,0.0,0.00031075688666012507
771,11.0,0.0008619999998700223,0.0,0.0002926790540999069
772,12.0,0.000923999999940861,0.0,3.199737429914395e-08
773,22.0,0.0016380000001845474,0.0,2.9267905409990664e-05
774,6.0,0.0005040000000917644,0.0,3.199737429930658e-09
775,20.0,0.001706000000012864,0.0,2.9267905409990826e-06
776,25.0,0.0018680000002859742,0.0,2.9484678912181008e-05
777,21.0,0.0016260000002148445,0.0,0.0003247797710393672
778,15.0,0.0012040000001434237,0.0,0.0002784579866283331
779,8.0,0.0006539999999404245,0.0,0.0002534504667575255
780,10.0,0.0009180000001833832,0.0,0.00032110098070250445
781,68.0,0.004836999999952241,0.0,0.0002828869081388898
782,22.0,0.0016810000001896697,0.0,0.00029023061893179236
783,49.0,0.003749999999854481,0.0,-5.463250345998257e-06
784,33.0,0.0023949999999786087,0.0,2.5345046675752532e-05
785,15.0,0.001213000000007014,0.0,2.0340934876426312e-05
786,22.0,0.0016770000001997687,0.0,2.948467891218079e-06
787,54.0,0.004262999999809836,0.0,0.0003316421059969303
788,33.0,0.002383999999892694,0.0,-6.904320922164101e-05
789,5.0,0.00047800000038478174,0.0,0.000324617777912571
790,28.0,0.002043999999841617,0.0,3.4767450619375094e-05
791,25.0,0.0020269999999982247,0.0,3.1270806503590925e-05
792,22.0,0.0016379999997298,0.0,0.00034060967435709655
793,16.0,0.001209000000017113,0.0,0.00031812053000592107
794,8.0,0.0006670000002486631,0.0,3.2461777791257087e-05
795,26.0,0.0018939999999929569,0.0,2.0340934876426366e-06
796,21.0,0.0015830000002097222,0.0,3.406096743570965e-05
797,42.0,0.00300199999992401,0.0,0.00032534488225679007
798,9.0,0.0007460000001628941,0.0,0.0003122183066725358
799,24.0,0.0017679999996289553,0.0,0.00029814069313072856
800,13.0,0.0009960000002138258,0.0,0.00032097224784930915
801,21.0,0.0015869999997448758,0.0,3.1221830667253574e-05
802,6.0,0.0005120000000715663,0.0,0.0003280283463075865
803,16.0,0.001348000000234606,0.0,0.0002596131734790193
804,9.0,0.0007239999999910651,0.0,0.0002851675390945177
805,26.0,0.0018929999996544211,0.0,0.0003209504492413541
806,17.0,0.0012849999998252315,0.0,0.00025946712939355147
807,5.0,0.0004340000000411237,0.0,2.594671293935512e-05
808,4.0,0.00036399999999048305,0.0,3.2095044924135426e-05
809,10.0,0.0008549999997740088,0.0,3.209504492413559e-06
810,6.0,0.0005189999997128325,0.0,0.0002938832560335559
811,46.0,0.003610999999636988,0.0,1.806075030805123e-05
812,8.0,0.0006640000001425506,0.0,0.00028631176344248716
813,27.0,0.002343000000109896,0.0,0.00019135223017118007
814,14.0,0.0010689999999158317,0.0,0.00029367152935909417
815,29.0,0.002096000000165077,0.0,0.0002506196516250104
816,30.0,0.002238000000033935,0.0,2.863117634424871e-05
817,29.0,0.002102999999806343,0.0,0.0002512310732286577
818,16.0,0.0012149999997745908,0.0,2.8631176344248548e-06
819,11.0,0.0008579999998801213,0.0,0.00029609681766232547
820,16.0,0.0012440000000424334,0.0,0.00031494383717782287
821,9.0,0.0007140000002436864,0.0,0.0003273083376461948
822,24.0,0.0017620000003262248,0.0,0.0002983456246749552
823,8.0,0.0006660000003648747,0.0,0.0002980733859159207
824,11.0,0.0008590000002186571,0.0,0.00025515875800200287
825,27.0,0.002243999999791413,0.0,2.863117634424855e-07
826,7.0,0.0006020000000717118,0.0,0.0003187680464869381
827,16.0,0.0013799999996990664,0.0,0.000283204656211908
828,60.0,0.004385000000183936,0.0,5.630227515382739e-06
829,78.0,0.005564000000049418,0.0,0.0001066694521391832
830,12.0,0.0009579999996276456,0.0,0.0003261288066038299
831,17.0,0.001330000000052678,0.0,0.00032438122207039815
832,11.0,0.0008639999996375991,0.0,0.00032003509592880346
833,9.0,0.0007160000000112632,0.0,0.0003184097124299129
834,7.0,0.0005939999996371625,0.0,3.2612880660383e-05
835,34.0,0.0024530000000595464,0.0,0.00032312339121170667
836,68.0,0.004879999999957363,0.0,0.0003401164173045308
837,12.0,0.0009220000001732842,0.0,0.00028594545627787325
838,6.0,0.0005620000001727021,0.0,2.863117634427023e-08
839,21.0,0.0015670000002501183,0.0,0.00026019251718208147
840,16.0,0.0014439999999922293,0.0,0.00031702818024136243
841,12.0,0.0009380000001328881,0.0,3.243812220703982e-05
842,23.0,0.001706000000012864,0.0,0.00028395217793309856
843,24.0,0.0017690000004222384,0.0,0.00035461259822991886
844,14.0,0.0011309999999866704,0.0,0.00028431528755367325
845,32.0,0.002373000000261527,0.0,0.0002769380305752452
846,16.0,0.0012419999998201092,0.0,0.0003147027012483713
847,24.0,0.0018909999998868443,0.0,3.1470270124837126e-05
848,45.0,0.003224999999929423,0.0,0.00029064741549157425
849,44.0,0.003167000000303233,0.0,0.0003690487973997549
850,110.0,0.007898999999724765,0.0,2.8395217793309824e-05
851,30.0,0.002686999999696127,0.0,0.0002890052698280533
852,24.0,0.0018050000003313471,0.0,0.0003008189974189137
853,7.0,0.0006629999998040148,0.0,0.0003274259864512505
854,11.0,0.0008860000002641755,0.0,0.0003599805391368686
855,8.0,0.0008119999997688865,0.0,0.00029221443421274026
856,11.0,0.0010800000000017462,0.0,0.00028919010811101253
857,25.0,0.0018359999999120191,0.0,2.9221443421273993e-05
858,11.0,0.0008550000002287561,0.0,0.00028469297687558077
859,19.0,0.0014250000003812602,0.0,0.0003065958599599706
860,4.0,0.000367999999980384,0.0,0.00029841526752998396
861,13.0,0.0011739999999917927,0.0,2.9841526752998385e-05
862,6.0,0.0005269999996926344,0.0,2.9841526752998494e-06
863,18.0,0.0013699999999516876,0.0,2.984152675299741e-07
864,24.0,0.0018110000000888249,0.0,2.9841526752981146e-08
865,10.0,0.0007879999998294807,0.0,0.00030415105550212775
866,8.0,0.00064299999985451,0.0,2.9841526752926936e-09
867,15.0,0.0016769999997450213,0.0,3.065958599599705e-05
868,26.0,0.00215699999989738,0.0,2.984152675401114e-10
869,15.0,0.0014729999998053245,0.0,2.8469297687558077e-05
870,13.0,0.001295999999911146,0.0,0.00031341012017058656
871,20.0,0.0018650000001798617,0.0,0.00030473481840836476
872,14.0,0.0010959999999613501,0.0,0.000314668155858537
873,16.0,0.0013250000001789886,0.0,3.0659585995997216e-06
874,15.0,0.0012080000001333246,0.0,0.00025299958531373846
875,12.0,0.0012150000002293382,0.0,0.0003210584434395476
876,21.0,0.0019050000000788714,0.0,3.401164173045309e-05
877,16.0,0.0014849999997750274,0.0,0.0002236089047452128
878,9.0,0.0008619999998700223,0.0,0.00031755816605697753
879,15.0,0.0014360000000124273,0.0,2.529995853137385e-05
880,12.0,0.0009970000000976142,0.0,3.175581660569773e-05
881,14.0,0.0017159999997602426,0.0,0.0002971519644370115
882,18.0,0.0015820000003259338,0.0,2.9715196443701132e-05
883,20.0,0.0014849999997750274,0.0,2.2360890474521237e-05
884,27.0,0.0022269999999480206,0.0,2.9715196443701186e-06
885,15.0,0.0012119999996684783,0.0,0.0003219109230750092
886,14.0,0.0011779999999816937,0.0,2.9715196443703355e-07
887,74.0,0.005472999999710737,0.0,0.0003276177245848123
888,9.0,0.0007959999998092826,0.0,0.0003271392972281099
889,9.0,0.0010360000001128356,0.0,0.00028778758249363684
890,42.0,0.0031810000000405125,0.0,2.2360890474521075e-06
891,35.0,0.0025340000001961016,0.0,0.00024669671250400526
892,12.0,0.0009559999998600688,0.0,0.0002788412092001853
893,16.0,0.0011999999996987754,0.0,0.0003527456085817341
894,36.0,0.002774000000044907,0.0,3.134101201705862e-05
895,20.0,0.0014859999996588158,0.0,0.00037145807824567146
896,28.0,0.002084000000195374,0.0,0.00024115933039622808
897,5.0,0.0004389999999148131,0.0,0.00032689197924216863
898,4.0,0.0003739999997378618,0.0,3.268919792421686e-05
899,24.0,0.0018469999999979336,0.0,2.411593303962284e-05
900,5.0,0.0004380000000310247,0.0,0.00028888243245125413
901,11.0,0.0008590000002186571,0.0,3.714580782456715e-05
902,12.0,0.0009930000001077133,0.0,2.4115933039622894e-06
903,54.0,0.0040300000000570435,0.0,0.0002881054201217498
904,23.0,0.0016969999996945262,0.0,2.4115933039620726e-07
905,12.0,0.0009220000001732842,0.0,0.00028192816538895294
906,32.0,0.002356999999847176,0.0,3.127080650359071e-06
907,11.0,0.0010299999999006104,0.0,2.8192816538895272e-05
908,11.0,0.0009799999997994746,0.0,0.00021942825435263452
909,10.0,0.0008020000000215077,0.0,0.000184408445844813
910,4.0,0.00036399999999048305,0.0,0.0003258563201665425
911,10.0,0.0008469999997942068,0.0,0.0003175751757967077
912,24.0,0.0017889999999169959,0.0,2.8192816538895435e-06
913,14.0,0.0010720000000219443,0.0,1.8440844584481284e-05
914,28.0,0.0021860000001652224,0.0,0.00022851143683019613
915,30.0,0.002197000000251137,0.0,0.00034622058906525616
916,18.0,0.0015600000001541048,0.0,3.714580782456726e-06
917,22.0,0.0016359999999622232,0.0,0.00021048059727844174
918,10.0,0.0008519999996678962,0.0,2.1048059727844163e-05
919,17.0,0.00128599999970902,0.0,0.00021212851341602368
920,4.0,0.0003710000000864966,0.0,0.0003265674847513414
921,6.0,0.0005960000003142341,0.0,3.265674847513413e-05
922,12.0,0.000927999999930762,0.0,3.2656748475133916e-06
923,34.0,0.00261000000000422,0.0,0.00032774958819812525
924,6.0,0.0005620000001727021,0.0,0.00019881362999603315
925,20.0,0.0015579999999317806,0.0,2.1212851341602358e-05
926,10.0,0.0008780000002843735,0.0,1.988136299960327e-05
927,9.0,0.0007319999999708671,0.0,0.00030819103146302704
928,10.0,0.0007900000000518048,0.0,0.000318052876160793
929,21.0,0.0016649999997753184,0.0,0.0003252500478935889
930,30.0,0.002169999999750871,0.0,0.0003240779596116709
931,26.0,0.0020409999997355044,0.0,2.1212851341602086e-06
932,20.0,0.0015210000001388835,0.0,0.0002927304656375163
933,18.0,0.0014010000004418544,0.0,3.2407795961167016e-05
934,8.0,0.0006680000001324515,0.0,0.00025400550527431996
935,6.0,0.0005110000001877779,0.0,0.00032490124990293043
936,14.0,0.0011180000001331791,0.0,0.0002681637116956817
937,12.0,0.0009329999998044514,0.0,0.000283413262536839
938,22.0,0.0021430000001601,0.0,0.00028241260003589793
939,6.0,0.0006059999996068655,0.0,2.824126000358976e-05
940,9.0,0.0007559999999102729,0.0,2.824126000358976e-06
941,47.0,0.0035060000000157743,0.0,0.0003143031900861832
942,9.0,0.0007729999997536652,0.0,3.143031900861834e-05
943,14.0,0.0011440000002949091,0.0,0.0002525808902412673
944,32.0,0.0023719999999229913,0.0,-5.8748300853473225e-05
945,31.0,0.0023040000000946748,0.0,0.00032188516112596034
946,19.0,0.0014139999998405983,0.0,0.0002529170360572593
947,39.0,0.002904999999827851,0.0,0.00021015266234154868
948,11.0,0.000863000000208558,0.0,0.0003274532668003584
949,4.0,0.0004980000003342866,0.0,3.274532668003582e-05
950,32.0,0.0023649999998269777,0.0,0.0002878501467387801
951,14.0,0.0011010000002897868,0.0,0.0002572555292746959
952,21.0,0.0015659999999115826,0.0,2.8785014673878028e-05
953,25.0,0.0021400000000539876,0.0,0.00031861993648074074
954,16.0,0.0012889999998151325,0.0,3.1861993648074085e-05
955,56.0,0.003992999999809399,0.0,3.1861993648073976e-06
956,17.0,0.0012790000000677537,0.0,0.00036350388145974747
957,33.0,0.0023820000001251174,0.0,2.101526623415488e-05
958,33.0,0.0023820000001251174,0.0,0.0003219953049895838
959,6.0,0.0005069999997431296,0.0,0.00025996668991972236
960,30.0,0.0022189999999682186,0.0,2.5996668991972198e-05
961,17.0,0.0012740000001940643,0.0,0.000307018098806826
962,26.0,0.0019290000000182772,0.0,0.0002953483062075777
963,22.0,0.0016200000000026193,0.0,0.00028770946099587367
964,45.0,0.0032270000001517474,0.0,0.0003157381406192484
965,39.0,0.0028069999998479034,0.0,3.6350388145974714e-05
966,31.0,0.002250000000003638,0.0,0.00032087194429989877
967,16.0,0.0012010000000373111,0.0,3.208719442998988e-05
968,5.0,0.00044000000025334884,0.0,0.0002916819561964815
969,62.0,0.004631999999674008,0.0,3.4622058906525594e-05
970,22.0,0.0016279999999824213,0.0,0.00032300922067624526
971,23.0,0.0016949999999269494,0.0,0.0002586908592928976
972,21.0,0.0015520000001743028,0.0,2.5869085929289704e-05
973,4.0,0.0003700000002027082,0.0,0.0003275613565390936
974,24.0,0.0017739999998411804,0.0,3.2756135653909326e-05
975,14.0,0.0010720000000219443,0.0,0.0003348233518693255
976,16.0,0.0012099999999009015,0.0,0.00029096770073906426
977,14.0,0.0011230000000068685,0.0,0.0002863767166010557
978,37.0,0.0026699999998527346,0.0,0.00029024662821303083
979,22.0,0.0016139999997903942,0.0,0.0002822419540294013
980,6.0,0.0005109999997330306,0.0,2.863767166010555e-05
981,4.0,0.00041899999996530823,0.0,0.0002582878626619878
982,15.0,0.0011389999999664724,0.0,0.0003580574852308873
983,14.0,0.0010629999997036066,0.0,0.0003033956245112061
984,42.0,0.0030050000000301225,0.0,2.5869085929289813e-06
985,25.0,0.0018239999999423162,0.0,0.00032365880260700413
986,21.0,0.0015530000000580912,0.0,0.00026021561695484295
987,6.0,0.0005000000001018634,0.0,0.0003117783634118902
988,22.0,0.0016160000000127184,0.0,0.00031951257781662304
989,13.0,0.0009900000000016007,0.0,0.0002857999412022905
990,16.0,0.0011950000002798333,0.0,3.348233518693256e-05
991,4.0,0.00036200000022290624,0.0,3.195125778166229e-05
992,13.0,0.0011060000001634762,0.0,0.0002166068245035191
993,8.0,0.0006499999999505235,0.0,0.0002570193305635705
994,18.0,0.0014420000002246525,0.0,0.00029562247244648015
995,13.0,0.0011070000000472646,0.0,0.00033557235052284574
996,14.0,0.0010659999998097192,0.0,0.0003079251451349522
997,22.0,0.001975000000129512,0.0,0.00029704032834133745
998,8.0,0.0009300000001530861,0.0,0.0003271668767864861
999,41.0,0.003125000000181899,0.0,0.0002770250531672314
1000,0.0,0.0,0.0,0.0
1001,0.0,0.0,0.0,0.0
1002,0.0,0.0,0.0,0.0
1003,0.0,0.0,0.0,0.0
1004,0.0,0.0,0.0,0.0
1005,0.0,0.0,0.0,0.0
1006,0.0,0.0,0.0,0.0
1007,0.0,0.0,0.0,0.0
1008,0.0,0.0,0.0,0.0
1009,0.0,0.0,0.0,0.0
1010,0.0,0.0,0.0,0.0
1011,0.0,0.0,0.0,0.0
1012,0.0,0.0,0.0,0.0
1013,0.0,0.0,0.0,0.0
1014,0.0,0.0,0.0,0.0
1015,0.0,0.0,0.0,0.0
1016,0.0,0.0,0.0,0.0
1017,0.0,0.0,0.0,0.0
1018,0.0,0.0,0.0,0.0
1019,0.0,0.0,0.0,0.0
1020,0.0,0.0,0.0,0.0
1021,0.0,0.0,0.0,0.0
1022,0.0,0.0,0.0,0.0
1023,0.0,0.0,0.0,0.0
1024,0.0,0.0,0.0,0.0
1025,0.0,0.0,0.0,0.0
1026,0.0,0.0,0.0,0.0
1027,0.0,0.0,0.0,0.0
1028,0.0,0.0,0.0,0.0
1029,0.0,0.0,0.0,0.0
1030,0.0,0.0,0.0,0.0
1031,0.0,0.0,0.0,0.0
1032,0.0,0.0,0.0,0.0
1033,0.0,0.0,0.0,0.0
1034,0.0,0.0,0.0,0.0
1035,0.0,0.0,0.0,0.0
1036,0.0,0.0,0.0,0.0
1037,0.0,0.0,0.0,0.0
1038,0.0,0.0,0.0,0.0
1039,0.0,0.0,0.0,0.0
1040,0.0,0.0,0.0,0.0
1041,0.0,0.0,0.0,0.0
1042,0.0,0.0,0.0,0.0
1043,0.0,0.0,0.0,0.0
1044,0.0,0.0,0.0,0.0
1045,0.0,0.0,0.0,0.0
1046,0.0,0.0,0.0,0.0
1047,0.0,0.0,0.0,0.0
1048,0.0,0.0,0.0,0.0
1049,0.0,0.0,0.0,0.0
1050,0.0,0.0,0.0,0.0
1051,0.0,0.0,0.0,0.0
1052,0.0,0.0,0.0,0.0
1053,0.0,0.0,0.0,0.0
1054,0.0,0.0,0.0,0.0
1055,0.0,0.0,0.0,0.0
1056,0.0,0.0,0.0,0.0
1057,0.0,0.0,0.0,0.0
1058,0.0,0.0,0.0,0.0
1059,0.0,0.0,0.0,0.0
1060,0.0,0.0,0.0,0.0
1061,0.0,0.0,0.0,0.0
1062,0.0,0.0,0.0,0.0
1063,0.0,0.0,0.0,0.0
1064,0.0,0.0,0.0,0.0
1065,0.0,0.0,0.0,0.0
1066,0.0,0.0,0.0,0.0
1067,0.0,0.0,0.0,0.0
1068,0.0,0.0,0.0,0.0
1069,0.0,0.0,0.0,0.0
1070,0.0,0.0,0.0,0.0
1071,0.0,0.0,0.0,0.0
1072,0.0,0.0,0.0,0.0
1073,0.0,0.0,0.0,0.0
1074,0.0,0.0,0.0,0.0
1075,0.0,0.0,0.0,0.0
1076,0.0,0.0,0.0,0.0
1077,0.0,0.0,0.0,0.0
1078,0.0,0.0,0.0,0.0
1079,0.0,0.0,0.0,0.0
1080,0.0,0.0,0.0,0.0
1081,0.0,0.0,0.0,0.0
1082,0.0,0.0,0.0,0.0
1083,0.0,0.0,0.0,0.0
1084,0.0,0.0,0.0,0.0
1085,0.0,0.0,0.0,0.0
1086,0.0,0.0,0.0,0.0
1087,0.0,0.0,0.0,0.0
1088,0.0,0.0,0.0,0.0
1089,0.0,0.0,0.0,0.0
1090,0.0,0.0,0.0,0.0
1091,0.0,0.0,0.0,0.0
1092,0.0,0.0,0.0,0.0
1093,0.0,0.0,0.0,0.0
1094,0.0,0.0,0.0,0.0
1095,0.0,0.0,0.0,0.0
1096,0.0,0.0,0.0,0.0
1097,0.0,0.0,0.0,0.0
1098,0.0,0.0,0.0,0.0
1099,0.0,0.0,0.0,0.0
1100,0.0,0.0,0.0,0.0
1101,0.0,0.0,0.0,0.0
1102,0.0,0.0,0.0,0.0
1103,0.0,0.0,0.0,0.0
1104,0.0,0.0,0.0,0.0
1105,0.0,0.0,0.0,0.0
1106,0.0,0.0,0.0,0.0
1107,0.0,0.0,0.0,0.0
1108,0.0,0.0,0.0,0.0
1109,0.0,0.0,0.0,0.0
1110,0.0,0.0,0.0,0.0
1111,0.0,0.0,0.0,0.0
1112,0.0,0.0,0.0,0.0
1113,0.0,0.0,0.0,0.0
1114,0.0,0.0,0.0,0.0
1115,0.0,0.0,0.0,0.0
1116,0.0,0.0,0.0,0.0
1117,0.0,0.0,0.0,0.0
1118,0.0,0.0,0.0,0.0
1119,0.0,0.0,0.0,0.0
1120,0.0,0.0,0.0,0.0
1121,0.0,0.0,0.0,0.0
1122,0.0,0.0,0.0,0.0
1123,0.0,0.0,0.0,0.0
1124,0.0,0.0,0.0,0.0
1125,0.0,0.0,0.0,0.0
1126,0.0,0.0,0.0,0.0
1127,0.0,0.0,0.0,0.0
1128,0.0,0.0,0.0,0.0
1129,0.0,0.0,0.0,0.0
1130,0.0,0.0,0.0,0.0
1131,0.0,0.0,0.0,0.0
1132,0.0,0.0,0.0,0.0
1133,0.0,0.0,0.0,0.0
1134,0.0,0.0,0.0,0.0
1135,0.0,0.0,0.0,0.0
1136,0.0,0.0,0.0,0.0
1137,0.0,0.0,0.0,0.0
1138,0.0,0.0,0.0,0.0
1139,0.0,0.0,0.0,0.0
1140,0.0,0.0,0.0,0.0
1141,0.0,0.0,0.0,0.0
1142,0.0,0.0,0.0,0.0
1143,0.0,0.0,0.0,0.0
1144,0.0,0.0,0.0,0.0
1145,0.0,0.0,0.0,0.0
1146,0.0,0.0,0.0,0.0
1147,0.0,0.0,0.0,0.0
1148,0.0,0.0,0.0,0.0
1149,0.0,0.0,0.0,0.0
1150,0.0,0.0,0.0,0.0
1151,0.0,0.0,0.0,0.0
1152,0.0,0.0,0.0,0.0
1153,0.0,0.0,0.0,0.0
1154,0.0,0.0,0.0,0.0
1155,0.0,0.0,0.0,0.0
1156,0.0,0.0,0.0,0.0
1157,0.0,0.0,0.0,0.0
1158,0.0,0.0,0.0,0.0
1159,0.0,0.0,0.0,0.0
1160,0.0,0.0,0.0,0.0
1161,0.0,0.0,0.0,0.0
1162,0.0,0.0,0.0,0.0
1163,0.0,0.0,0.0,0.0
1164,0.0,0.0,0.0,0.0
1165,0.0,0.0,0.0,0.0
1166,0.0,0.0,0.0,0.0
1167,0.0,0.0,0.0,0.0
1168,0.0,0.0,0.0,0.0
1169,0.0,0.0,0.0,0.0
1170,0.0,0.0,0.0,0.0
1171,0.0,0.0,0.0,0.0
1172,0.0,0.0,0.0,0.0
1173,0.0,0.0,0.0,0.0
1174,0.0,0.0,0.0,0.0
1175,0.0,0.0,0.0,0.0
1176,0.0,0.0,0.0,0.0
1177,0.0,0.0,0.0,0.0
1178,0.0,0.0,0.0,0.0
1179,0.0,0.0,0.0,0.0
1180,0.0,0.0,0.0,0.0
1181,0.0,0.0,0.0,0.0
1182,0.0,0.0,0.0,0.0
1183,0.0,0.0,0.0,0.0
1184,0.0,0.0,0.0,0.0
1185,0.0,0.0,0.0,0.0
1186,0.0,0.0,0.0,0.0
1187,0.0,0.0,0.0,0.0
1188,0.0,0.0,0.0,0.0
1189,0.0,0.0,0.0,0.0
1190,0.0,0.0,0.0,0.0
1191,0.0,0.0,0.0,0.0
1192,0.0,0.0,0.0,0.0
1193,0.0,0.0,0.0,0.0
1194,0.0,0.0,0.0,0.0
1195,0.0,0.0,0.0,0.0
1196,0.0,0.0,0.0,0.0
1197,0.0,0.0,0.0,0.0
1198,0.0,0.0,0.0,0.0
1199,0.0,0.0,0.0,0.0
1200,0.0,0.0,0.0,0.0
1201,0.0,0.0,0.0,0.0
1202,0.0,0.0,0.0,0.0
1203,0.0,0.0,0.0,0.0
1204,0.0,0.0,0.0,0.0
1205,0.0,0.0,0.0,0.0
1206,0.0,0.0,0.0,0.0
1207,0.0,0.0,0.0,0.0
1208,0.0,0.0,0.0,0.0
1209,0.0,0.0,0.0,0.0
1210,0.0,0.0,0.0,0.0
1211,0.0,0.0,0.0,0.0
1212,0.0,0.0,0.0,0.0
1213,0.0,0.0,0.0,0.0
1214,0.0,0.0,0.0,0.0
1215,0.0,0.0,0.0,0.0
1216,0.0,0.0,0.0,0.0
1217,0.0,0.0,0.0,0.0
1218,0.0,0.0,0.0,0.0
1219,0.0,0.0,0.0,0.0
1220,0.0,0.0,0.0,0.0
1221,0.0,0.0,0.0,0.0
1222,0.0,0.0,0.0,0.0
1223,0.0,0.0,0.0,0.0
1224,0.0,0.0,0.0,0.0
1225,0.0,0.0,0.0,0.0
1226,0.0,0.0,0.0,0.0
1227,0.0,0.0,0.0,0.0
1228,0.0,0.0,0.0,0.0
1229,0.0,0.0,0.0,0.0
1230,0.0,0.0,0.0,0.0
1231,0.0,0.0,0.0,0.0
1232,0.0,0.0,0.0,0.0
1233,0.0,0.0,0.0,0.0
1234,0.0,0.0,0.0,0.0
1235,0.0,0.0,0.0,0.0
1236,0.0,0.0,0.0,0.0
1237,0.0,0.0,0.0,0.0
1238,0.0,0.0,0.0,0.0
1239,0.0,0.0,0.0,0.0
1240,0.0,0.0,0.0,0.0
1241,0.0,0.0,0.0,0.0
1242,0.0,0.0,0.0,0.0
1243,0.0,0.0,0.0,0.0
1244,0.0,0.0,0.0,0.0
1245,0.0,0.0,0.0,0.0
1246,0.0,0.0,0.0,0.0
1247,0.0,0.0,0.0,0.0
1248,0.0,0.0,0.0,0.0
1249,0.0,0.0,0.0,0.0
1250,0.0,0.0,0.0,0.0
1251,0.0,0.0,0.0,0.0
1252,0.0,0.0,0.0,0.0
1253,0.0,0.0,0.0,0.0
1254,0.0,0.0,0.0,0.0
1255,0.0,0.0,0.0,0.0
1256,0.0,0.0,0.0,0.0
1257,0.0,0.0,0.0,0.0
1258,0.0,0.0,0.0,0.0
1259,0.0,0.0,0.0,0.0
1260,0.0,0.0,0.0,0.0
1261,0.0,0.0,0.0,0.0
1262,0.0,0.0,0.0,0.0
1263,0.0,0.0,0.0,0.0
1264,0.0,0.0,0.0,0.0
1265,0.0,0.0,0.0,0.0
1266,0.0,0.0,0.0,0.0
1267,0.0,0.0,0.0,0.0
1268,0.0,0.0,0.0,0.0
1269,0.0,0.0,0.0,0.0
1270,0.0,0.0,0.0,0.0
1271,0.0,0.0,0.0,0.0
1272,0.0,0.0,0.0,0.0
1273,0.0,0.0,0.0,0.0
1274,0.0,0.0,0.0,0.0
1275,0.0,0.0,0.0,0.0
1276,0.0,0.0,0.0,0.0
1277,0.0,0.0,0.0,0.0
1278,0.0,0.0,0.0,0.0
1279,0.0,0.0,0.0,0.0
1280,0.0,0.0,0.0,0.0
1281,0.0,0.0,0.0,0.0
1282,0.0,0.0,0.0,0.0
1283,0.0,0.0,0.0,0.0
1284,0.0,0.0,0.0,0.0
1285,0.0,0.0,0.0,0.0
1286,0.0,0.0,0.0,0.0
1287,0.0,0.0,0.0,0.0
1288,0.0,0.0,0.0,0.0
1289,0.0,0.0,0.0,0.0
1290,0.0,0.0,0.0,0.0
1291,0.0,0.0,0.0,0.0
1292,0.0,0.0,0.0,0.0
1293,0.0,0.0,0.0,0.0
1294,0.0,0.0,0.0,0.0
1295,0.0,0.0,0.0,0.0
1296,0.0,0.0,0.0,0.0
1297,0.0,0.0,0.0,0.0
1298,0.0,0.0,0.0,0.0
1299,0.0,0.0,0.0,0.0
1300,0.0,0.0,0.0,0.0
1301,0.0,0.0,0.0,0.0
1302,0.0,0.0,0.0,0.0
1303,0.0,0.0,0.0,0.0
1304,0.0,0.0,0.0,0.0
1305,0.0,0.0,0.0,0.0
1306,0.0,0.0,0.0,0.0
1307,0.0,0.0,0.0,0.0
1308,0.0,0.0,0.0,0.0
1309,0.0,0.0,0.0,0.0
1310,0.0,0.0,0.0,0.0
1311,0.0,0.0,0.0,0.0
1312,0.0,0.0,0.0,0.0
1313,0.0,0.0,0.0,0.0
1314,0.0,0.0,0.0,0.0
1315,0.0,0.0,0.0,0.0
1316,0.0,0.0,0.0,0.0
1317,0.0,0.0,0.0,0.0
1318,0.0,0.0,0.0,0.0
1319,0.0,0.0,0.0,0.0
1320,0.0,0.0,0.0,0.0
1321,0.0,0.0,0.0,0.0
1322,0.0,0.0,0.0,0.0
1323,0.0,0.0,0.0,0.0
1324,0.0,0.0,0.0,0.0
1325,0.0,0.0,0.0,0.0
1326,0.0,0.0,0.0,0.0
1327,0.0,0.0,0.0,0.0
1328,0.0,0.0,0.0,0.0
1329,0.0,0.0,0.0,0.0
1330,0.0,0.0,0.0,0.0
1331,0.0,0.0,0.0,0.0
1332,0.0,0.0,0.0,0.0
1333,0.0,0.0,0.0,0.0
1334,0.0,0.0,0.0,0.0
1335,0.0,0.0,0.0,0.0
1336,0.0,0.0,0.0,0.0
1337,0.0,0.0,0.0,0.0
1338,0.0,0.0,0.0,0.0
1339,0.0,0.0,0.0,0.0
1340,0.0,0.0,0.0,0.0
1341,0.0,0.0,0.0,0.0
1342,0.0,0.0,0.0,0.0
1343,0.0,0.0,0.0,0.0
1344,0.0,0.0,0.0,0.0
1345,0.0,0.0,0.0,0.0
1346,0.0,0.0,0.0,0.0
1347,0.0,0.0,0.0,0.0
1348,0.0,0.0,0.0,0.0
1349,0.0,0.0,0.0,0.0
1350,0.0,0.0,0.0,0.0
1351,0.0,0.0,0.0,0.0
1352,0.0,0.0,0.0,0.0
1353,0.0,0.0,0.0,0.0
1354,0.0,0.0,0.0,0.0
1355,0.0,0.0,0.0,0.0
1356,0.0,0.0,0.0,0.0
1357,0.0,0.0,0.0,0.0
1358,0.0,0.0,0.0,0.0
1359,0.0,0.0,0.0,0.0
1360,0.0,0.0,0.0,0.0
1361,0.0,0.0,0.0,0.0
1362,0.0,0.0,0.0,0.0
1363,0.0,0.0,0.0,0.0
1364,0.0,0.0,0.0,0.0
1365,0.0,0.0,0.0,0.0
1366,0.0,0.0,0.0,0.0
1367,0.0,0.0,0.0,0.0
1368,0.0,0.0,0.0,0.0
1369,0.0,0.0,0.0,0.0
1370,0.0,0.0,0.0,0.0
1371,0.0,0.0,0.0,0.0
1372,0.0,0.0,0.0,0.0
1373,0.0,0.0,0.0,0.0
1374,0.0,0.0,0.0,0.0
1375,0.0,0.0,0.0,0.0
1376,0.0,0.0,0.0,0.0
1377,0.0,0.0,0.0,0.0
1378,0.0,0.0,0.0,0.0
1379,0.0,0.0,0.0,0.0
1380,0.0,0.0,0.0,0.0
1381,0.0,0.0,0.0,0.0
1382,0.0,0.0,0.0,0.0
1383,0.0,0.0,0.0,0.0
1384,0.0,0.0,0.0,0.0
1385,0.0,0.0,0.0,0.0
1386,0.0,0.0,0.0,0.0
1387,0.0,0.0,0.0,0.0
1388,0.0,0.0,0.0,0.0
1389,0.0,0.0,0.0,0.0
1390,0.0,0.0,0.0,0.0
1391,0.0,0.0,0.0,0.0
1392,0.0,0.0,0.0,0.0
1393,0.0,0.0,0.0,0.0
1394,0.0,0.0,0.0,0.0
1395,0.0,0.0,0.0,0.0
1396,0.0,0.0,0.0,0.0
1397,0.0,0.0,0.0,0.0
1398,0.0,0.0,0.0,0.0
1399,0.0,0.0,0.0,0.0
1400,0.0,0.0,0.0,0.0
1401,0.0,0.0,0.0,0.0
1402,0.0,0.0,0.0,0.0
1403,0.0,0.0,0.0,0.0
1404,0.0,0.0,0.0,0.0
1405,0.0,0.0,0.0,0.0
1406,0.0,0.0,0.0,0.0
1407,0.0,0.0,0.0,0.0
1408,0.0,0.0,0.0,0.0
1409,0.0,0.0,0.0,0.0
1410,0.0,0.0,0.0,0.0
1411,0.0,0.0,0.0,0.0
1412,0.0,0.0,0.0,0.0
1413,0.0,0.0,0.0,0.0
1414,0.0,0.0,0.0,0.0
1415,0.0,0.0,0.0,0.0
1416,0.0,0.0,0.0,0.0
1417,0.0,0.0,0.0,0.0
1418,0.0,0.0,0.0,0.0
1419,0.0,0.0,0.0,0.0
1420,0.0,0.0,0.0,0.0
1421,0.0,0.0,0.0,0.0
1422,0.0,0.0,0.0,0.0
1423,0.0,0.0,0.0,0.0
1424,0.0,0.0,0.0,0.0
1425,0.0,0.0,0.0,0.0
1426,0.0,0.0,0.0,0.0
1427,0.0,0.0,0.0,0.0
1428,0.0,0.0,0.0,0.0
1429,0.0,0.0,0.0,0.0
1430,0.0,0.0,0.0,0.0
1431,0.0,0.0,0.0,0.0
1432,0.0,0.0,0.0,0.0
1433,0.0,0.0,0.0,0.0
1434,0.0,0.0,0.0,0.0
1435,0.0,0.0,0.0,0.0
1436,0.0,0.0,0.0,0.0
1437,0.0,0.0,0.0,0.0
1438,0.0,0.0,0.0,0.0
1439,0.0,0.0,0.0,0.0
1440,0.0,0.0,0.0,0.0
1441,0.0,0.0,0.0,0.0
1442,0.0,0.0,0.0,0.0
1443,0.0,0.0,0.0,0.0
1444,0.0,0.0,0.0,0.0
1445,0.0,0.0,0.0,0.0
1446,0.0,0.0,0.0,0.0
1447,0.0,0.0,0.0,0.0
1448,0.0,0.0,0.0,0.0
1449,0.0,0.0,0.0,0.0
1450,0.0,0.0,0.0,0.0
1451,0.0,0.0,0.0,0.0
1452,0.0,0.0,0.0,0.0
1453,0.0,0.0,0.0,0.0
1454,0.0,0.0,0.0,0.0
1455,0.0,0.0,0.0,0.0
1456,0.0,0.0,0.0,0.0
1457,0.0,0.0,0.0,0.0
1458,0.0,0.0,0.0,0.0
1459,0.0,0.0,0.0,0.0
1460,0.0,0.0,0.0,0.0
1461,0.0,0.0,0.0,0.0
1462,0.0,0.0,0.0,0.0
1463,0.0,0.0,0.0,0.0
1464,0.0,0.0,0.0,0.0
1465,0.0,0.0,0.0,0.0
1466,0.0,0.0,0.0,0.0
1467,0.0,0.0,0.0,0.0
1468,0.0,0.0,0.0,0.0
1469,0.0,0.0,0.0,0.0
1470,0.0,0.0,0.0,0.0
1471,0.0,0.0,0.0,0.0
1472,0.0,0.0,0.0,0.0
1473,0.0,0.0,0.0,0.0
1474,0.0,0.0,0.0,0.0
1475,0.0,0.0,0.0,0.0
1476,0.0,0.0,0.0,0.0
1477,0.0,0.0,0.0,0.0
1478,0.0,0.0,0.0,0.0
1479,0.0,0.0,0.0,0.0
1480,0.0,0.0,0.0,0.0
1481,0.0,0.0,0.0,0.0
1482,0.0,0.0,0.0,0.0
1483,0.0,0.0,0.0,0.0
1484,0.0,0.0,0.0,0.0
1485,0.0,0.0,0.0,0.0
1486,0.0,0.0,0.0,0.0
1487,0.0,0.0,0.0,0.0
1488,0.0,0.0,0.0,0.0
1489,0.0,0.0,0.0,0.0
1490,0.0,0.0,0.0,0.0
1491,0.0,0.0,0.0,0.0
1492,0.0,0.0,0.0,0.0
1493,0.0,0.0,0.0,0.0
1494,0.0,0.0,0.0,0.0
1495,0.0,0.0,0.0,0.0
1496,0.0,0.0,0.0,0.0
1497,0.0,0.0,0.0,0.0
1498,0.0,0.0,0.0,0.0
1499,0.0,0.0,0.0,0.0
1500,0.0,0.0,0.0,0.0
1501,0.0,0.0,0.0,0.0
1502,0.0,0.0,0.0,0.0
1503,0.0,0.0,0.0,0.0
1504,0.0,0.0,0.0,0.0
1505,0.0,0.0,0.0,0.0
1506,0.0,0.0,0.0,0.0
1507,0.0,0.0,0.0,0.0
1508,0.0,0.0,0.0,0.0
1509,0.0,0.0,0.0,0.0
1510,0.0,0.0,0.0,0.0
1511,0.0,0.0,0.0,0.0
1512,0.0,0.0,0.0,0.0
1513,0.0,0.0,0.0,0.0
1514,0.0,0.0,0.0,0.0
1515,0.0,0.0,0.0,0.0
1516,0.0,0.0,0.0,0.0
1517,0.0,0.0,0.0,0.0
1518,0.0,0.0,0.0,0.0
1519,0.0,0.0,0.0,0.0
1520,0.0,0.0,0.0,0.0
1521,0.0,0.0,0.0,0.0
1522,0.0,0.0,0.0,0.0
1523,0.0,0.0,0.0,0.0
1524,0.0,0.0,0.0,0.0
1525,0.0,0.0,0.0,0.0
1526,0.0,0.0,0.0,0.0
1527,0.0,0.0,0.0,0.0
1528,0.0,0.0,0.0,0.0
1529,0.0,0.0,0.0,0.0
1530,0.0,0.0,0.0,0.0
1531,0.0,0.0,0.0,0.0
1532,0.0,0.0,0.0,0.0
1533,0.0,0.0,0.0,0.0
1534,0.0,0.0,0.0,0.0
1535,0.0,0.0,0.0,0.0
1536,0.0,0.0,0.0,0.0
1537,0.0,0.0,0.0,0.0
1538,0.0,0.0,0.0,0.0
1539,0.0,0.0,0.0,0.0
1540,0.0,0.0,0.0,0.0
1541,0.0,0.0,0.0,0.0
1542,0.0,0.0,0.0,0.0
1543,0.0,0.0,0.0,0.0
1544,0.0,0.0,0.0,0.0
1545,0.0,0.0,0.0,0.0
1546,0.0,0.0,0.0,0.0
1547,0.0,0.0,0.0,0.0
1548,0.0,0.0,0.0,0.0
1549,0.0,0.0,0.0,0.0
1550,0.0,0.0,0.0,0.0
1551,0.0,0.0,0.0,0.0
1552,0.0,0.0,0.0,0.0
1553,0.0,0.0,0.0,0.0
1554,0.0,0.0,0.0,0.0
1555,0.0,0.0,0.0,0.0
1556,0.0,0.0,0.0,0.0
1557,0.0,0.0,0.0,0.0
1558,0.0,0.0,0.0,0.0
1559,0.0,0.0,0.0,0.0
1560,0.0,0.0,0.0,0.0
1561,0.0,0.0,0.0,0.0
1562,0.0,0.0,0.0,0.0
1563,0.0,0.0,0.0,0.0
1564,0.0,0.0,0.0,0.0
1565,0.0,0.0,0.0,0.0
1566,0.0,0.0,0.0,0.0
1567,0.0,0.0,0.0,0.0
1568,0.0,0.0,0.0,0.0
1569,0.0,0.0,0.0,0.0
1570,0.0,0.0,0.0,0.0
1571,0.0,0.0,0.0,0.0
1572,0.0,0.0,0.0,0.0
1573,0.0,0.0,0.0,0.0
1574,0.0,0.0,0.0,0.0
1575,0.0,0.0,0.0,0.0
1576,0.0,0.0,0.0,0.0
1577,0.0,0.0,0.0,0.0
1578,0.0,0.0,0.0,0.0
1579,0.0,0.0,0.0,0.0
1580,0.0,0.0,0.0,0.0
1581,0.0,0.0,0.0,0.0
1582,0.0,0.0,0.0,0.0
1583,0.0,0.0,0.0,0.0
1584,0.0,0.0,0.0,0.0
1585,0.0,0.0,0.0,0.0
1586,0.0,0.0,0.0,0.0
1587,0.0,0.0,0.0,0.0
1588,0.0,0.0,0.0,0.0
1589,0.0,0.0,0.0,0.0
1590,0.0,0.0,0.0,0.0
1591,0.0,0.0,0.0,0.0
1592,0.0,0.0,0.0,0.0
1593,0.0,0.0,0.0,0.0
1594,0.0,0.0,0.0,0.0
1595,0.0,0.0,0.0,0.0
1596,0.0,0.0,0.0,0.0
1597,0.0,0.0,0.0,0.0
1598,0.0,0.0,0.0,0.0
1599,0.0,0.0,0.0,0.0
1600,0.0,0.0,0.0,0.0
1601,0.0,0.0,0.0,0.0
1602,0.0,0.0,0.0,0.0
1603,0.0,0.0,0.0,0.0
1604,0.0,0.0,0.0,0.0
1605,0.0,0.0,0.0,0.0
1606,0.0,0.0,0.0,0.0
1607,0.0,0.0,0.0,0.0
1608,0.0,0.0,0.0,0.0
1609,0.0,0.0,0.0,0.0
1610,0.0,0.0,0.0,0.0
1611,0.0,0.0,0.0,0.0
1612,0.0,0.0,0.0,0.0
1613,0.0,0.0,0.0,0.0
1614,0.0,0.0,0.0,0.0
1615,0.0,0.0,0.0,0.0
1616,0.0,0.0,0.0,0.0
1617,0.0,0.0,0.0,0.0
1618,0.0,0.0,0.0,0.0
1619,0.0,0.0,0.0,0.0
1620,0.0,0.0,0.0,0.0
1621,0.0,0.0,0.0,0.0
1622,0.0,0.0,0.0,0.0
1623,0.0,0.0,0.0,0.0
1624,0.0,0.0,0.0,0.0
1625,0.0,0.0,0.0,0.0
1626,0.0,0.0,0.0,0.0
1627,0.0,0.0,0.0,0.0
1628,0.0,0.0,0.0,0.0
1629,0.0,0.0,0.0,0.0
1630,0.0,0.0,0.0,0.0
1631,0.0,0.0,0.0,0.0
1632,0.0,0.0,0.0,0.0
1633,0.0,0.0,0.0,0.0
1634,0.0,0.0,0.0,0.0
1635,0.0,0.0,0.0,0.0
1636,0.0,0.0,0.0,0.0
1637,0.0,0.0,0.0,0.0
1638,0.0,0.0,0.0,0.0
1639,0.0,0.0,0.0,0.0
1640,0.0,0.0,0.0,0.0
1641,0.0,0.0,0.0,0.0
1642,0.0,0.0,0.0,0.0
1643,0.0,0.0,0.0,0.0
1644,0.0,0.0,0.0,0.0
1645,0.0,0.0,0.0,0.0
1646,0.0,0.0,0.0,0.0
1647,0.0,0.0,0.0,0.0
1648,0.0,0.0,0.0,0.0
1649,0.0,0.0,0.0,0.0
1650,0.0,0.0,0.0,0.0
1651,0.0,0.0,0.0,0.0
1652,0.0,0.0,0.0,0.0
1653,0.0,0.0,0.0,0.0
1654,0.0,0.0,0.0,0.0
1655,0.0,0.0,0.0,0.0
1656,0.0,0.0,0.0,0.0
1657,0.0,0.0,0.0,0.0
1658,0.0,0.0,0.0,0.0
1659,0.0,0.0,0.0,0.0
1660,0.0,0.0,0.0,0.0
1661,0.0,0.0,0.0,0.0
1662,0.0,0.0,0.0,0.0
1663,0.0,0.0,0.0,0.0
1664,0.0,0.0,0.0,0.0
1665,0.0,0.0,0.0,0.0
1666,0.0,0.0,0.0,0.0
1667,0.0,0.0,0.0,0.0
1668,0.0,0.0,0.0,0.0
1669,0.0,0.0,0.0,0.0
1670,0.0,0.0,0.0,0.0
1671,0.0,0.0,0.0,0.0
1672,0.0,0.0,0.0,0.0
1673,0.0,0.0,0.0,0.0
1674,0.0,0.0,0.0,0.0
1675,0.0,0.0,0.0,0.0
1676,0.0,0.0,0.0,0.0
1677,0.0,0.0,0.0,0.0
1678,0.0,0.0,0.0,0.0
1679,0.0,0.0,0.0,0.0
1680,0.0,0.0,0.0,0.0
1681,0.0,0.0,0.0,0.0
1682,0.0,0.0,0.0,0.0
1683,0.0,0.0,0.0,0.0
1684,0.0,0.0,0.0,0.0
1685,0.0,0.0,0.0,0.0
1686,0.0,0.0,0.0,0.0
1687,0.0,0.0,0.0,0.0
1688,0.0,0.0,0.0,0.0
1689,0.0,0.0,0.0,0.0
1690,0.0,0.0,0.0,0.0
1691,0.0,0.0,0.0,0.0
1692,0.0,0.0,0.0,0.0
1693,0.0,0.0,0.0,0.0
1694,0.0,0.0,0.0,0.0
1695,0.0,0.0,0.0,0.0
1696,0.0,0.0,0.0,0.0
1697,0.0,0.0,0.0,0.0
1698,0.0,0.0,0.0,0.0
1699,0.0,0.0,0.0,0.0
1700,0.0,0.0,0.0,0.0
1701,0.0,0.0,0.0,0.0
1702,0.0,0.0,0.0,0.0
1703,0.0,0.0,0.0,0.0
1704,0.0,0.0,0.0,0.0
1705,0.0,0.0,0.0,0.0
1706,0.0,0.0,0.0,0.0
1707,0.0,0.0,0.0,0.0
1708,0.0,0.0,0.0,0.0
1709,0.0,0.0,0.0,0.0
1710,0.0,0.0,0.0,0.0
1711,0.0,0.0,0.0,0.0
1712,0.0,0.0,0.0,0.0
1713,0.0,0.0,0.0,0.0
1714,0.0,0.0,0.0,0.0
1715,0.0,0.0,0.0,0.0
1716,0.0,0.0,0.0,0.0
1717,0.0,0.0,0.0,0.0
1718,0.0,0.0,0.0,0.0
1719,0.0,0.0,0.0,0.0
1720,0.0,0.0,0.0,0.0
1721,0.0,0.0,0.0,0.0
1722,0.0,0.0,0.0,0.0
1723,0.0,0.0,0.0,0.0
1724,0.0,0.0,0.0,0.0
1725,0.0,0.0,0.0,0.0
1726,0.0,0.0,0.0,0.0
1727,0.0,0.0,0.0,0.0
1728,0.0,0.0,0.0,0.0
1729,0.0,0.0,0.0,0.0
1730,0.0,0.0,0.0,0.0
1731,0.0,0.0,0.0,0.0
1732,0.0,0.0,0.0,0.0
1733,0.0,0.0,0.0,0.0
1734,0.0,0.0,0.0,0.0
1735,0.0,0.0,0.0,0.0
1736,0.0,0.0,0.0,0.0
1737,0.0,0.0,0.0,0.0
1738,0.0,0.0,0.0,0.0
1739,0.0,0.0,0.0,0.0
1740,0.0,0.0,0.0,0.0
1741,0.0,0.0,0.0,0.0
1742,0.0,0.0,0.0,0.0
1743,0.0,0.0,0.0,0.0
1744,0.0,0.0,0.0,0.0
1745,0.0,0.0,0.0,0.0
1746,0.0,0.0,0.0,0.0
1747,0.0,0.0,0.0,0.0
1748,0.0,0.0,0.0,0.0
1749,0.0,0.0,0.0,0.0
1750,0.0,0.0,0.0,0.0
1751,0.0,0.0,0.0,0.0
1752,0.0,0.0,0.0,0.0
1753,0.0,0.0,0.0,0.0
1754,0.0,0.0,0.0,0.0
1755,0.0,0.0,0.0,0.0
1756,0.0,0.0,0.0,0.0
1757,0.0,0.0,0.0,0.0
1758,0.0,0.0,0.0,0.0
1759,0.0,0.0,0.0,0.0
1760,0.0,0.0,0.0,0.0
1761,0.0,0.0,0.0,0.0
1762,0.0,0.0,0.0,0.0
1763,0.0,0.0,0.0,0.0
1764,0.0,0.0,0.0,0.0
1765,0.0,0.0,0.0,0.0
1766,0.0,0.0,0.0,0.0
1767,0.0,0.0,0.0,0.0
1768,0.0,0.0,0.0,0.0
1769,0.0,0.0,0.0,0.0
1770,0.0,0.0,0.0,0.0
1771,0.0,0.0,0.0,0.0
1772,0.0,0.0,0.0,0.0
1773,0.0,0.0,0.0,0.0
1774,0.0,0.0,0.0,0.0
1775,0.0,0.0,0.0,0.0
1776,0.0,0.0,0.0,0.0
1777,0.0,0.0,0.0,0.0
1778,0.0,0.0,0.0,0.0
1779,0.0,0.0,0.0,0.0
1780,0.0,0.0,0.0,0.0
1781,0.0,0.0,0.0,0.0
1782,0.0,0.0,0.0,0.0
1783,0.0,0.0,0.0,0.0
1784,0.0,0.0,0.0,0.0
1785,0.0,0.0,0.0,0.0
1786,0.0,0.0,0.0,0.0
1787,0.0,0.0,0.0,0.0
1788,0.0,0.0,0.0,0.0
1789,0.0,0.0,0.0,0.0
1790,0.0,0.0,0.0,0.0
1791,0.0,0.0,0.0,0.0
1792,0.0,0.0,0.0,0.0
1793,0.0,0.0,0.0,0.0
1794,0.0,0.0,0.0,0.0
1795,0.0,0.0,0.0,0.0
1796,0.0,0.0,0.0,0.0
1797,0.0,0.0,0.0,0.0
1798,0.0,0.0,0.0,0.0
1799,0.0,0.0,0.0,0.0
1800,0.0,0.0,0.0,0.0
1801,0.0,0.0,0.0,0.0
1802,0.0,0.0,0.0,0.0
1803,0.0,0.0,0.0,0.0
1804,0.0,0.0,0.0,0.0
1805,0.0,0.0,0.0,0.0
1806,0.0,0.0,0.0,0.0
1807,0.0,0.0,0.0,0.0
1808,0.0,0.0,0.0,0.0
1809,0.0,0.0,0.0,0.0
1810,0.0,0.0,0.0,0.0
1811,0.0,0.0,0.0,0.0
1812,0.0,0.0,0.0,0.0
1813,0.0,0.0,0.0,0.0
1814,0.0,0.0,0.0,0.0
1815,0.0,0.0,0.0,0.0
1816,0.0,0.0,0.0,0.0
1817,0.0,0.0,0.0,0.0
1818,0.0,0.0,0.0,0.0
1819,0.0,0.0,0.0,0.0
1820,0.0,0.0,0.0,0.0
1821,0.0,0.0,0.0,0.0
1822,0.0,0.0,0.0,0.0
1823,0.0,0.0,0.0,0.0
1824,0.0,0.0,0.0,0.0
1825,0.0,0.0,0.0,0.0
1826,0.0,0.0,0.0,0.0
1827,0.0,0.0,0.0,0.0
1828,0.0,0.0,0.0,0.0
1829,0.0,0.0,0.0,0.0
1830,0.0,0.0,0.0,0.0
1831,0.0,0.0,0.0,0.0
1832,0.0,0.0,0.0,0.0
1833,0.0,0.0,0.0,0.0
1834,0.0,0.0,0.0,0.0
1835,0.0,0.0,0.0,0.0
1836,0.0,0.0,0.0,0.0
1837,0.0,0.0,0.0,0.0
1838,0.0,0.0,0.0,0.0
1839,0.0,0.0,0.0,0.0
1840,0.0,0.0,0.0,0.0
1841,0.0,0.0,0.0,0.0
1842,0.0,0.0,0.0,0.0
1843,0.0,0.0,0.0,0.0
1844,0.0,0.0,0.0,0.0
1845,0.0,0.0,0.0,0.0
1846,0.0,0.0,0.0,0.0
1847,0.0,0.0,0.0,0.0
1848,0.0,0.0,0.0,0.0
1849,0.0,0.0,0.0,0.0
1850,0.0,0.0,0.0,0.0
1851,0.0,0.0,0.0,0.0
1852,0.0,0.0,0.0,0.0
1853,0.0,0.0,0.0,0.0
1854,0.0,0.0,0.0,0.0
1855,0.0,0.0,0.0,0.0
1856,0.0,0.0,0.0,0.0
1857,0.0,0.0,0.0,0.0
1858,0.0,0.0,0.0,0.0
1859,0.0,0.0,0.0,0.0
1860,0.0,0.0,0.0,0.0
1861,0.0,0.0,0.0,0.0
1862,0.0,0.0,0.0,0.0
1863,0.0,0.0,0.0,0.0
1864,0.0,0.0,0.0,0.0
1865,0.0,0.0,0.0,0.0
1866,0.0,0.0,0.0,0.0
1867,0.0,0.0,0.0,0.0
1868,0.0,0.0,0.0,0.0
1869,0.0,0.0,0.0,0.0
1870,0.0,0.0,0.0,0.0
1871,0.0,0.0,0.0,0.0
1872,0.0,0.0,0.0,0.0
1873,0.0,0.0,0.0,0.0
1874,0.0,0.0,0.0,0.0
1875,0.0,0.0,0.0,0.0
1876,0.0,0.0,0.0,0.0
1877,0.0,0.0,0.0,0.0
1878,0.0,0.0,0.0,0.0
1879,0.0,0.0,0.0,0.0
1880,0.0,0.0,0.0,0.0
1881,0.0,0.0,0.0,0.0
1882,0.0,0.0,0.0,0.0
1883,0.0,0.0,0.0,0.0
1884,0.0,0.0,0.0,0.0
1885,0.0,0.0,0.0,0.0
1886,0.0,0.0,0.0,0.0
1887,0.0,0.0,0.0,0.0
1888,0.0,0.0,0.0,0.0
1889,0.0,0.0,0.0,0.0
1890,0.0,0.0,0.0,0.0
1891,0.0,0.0,0.0,0.0
1892,0.0,0.0,0.0,0.0
1893,0.0,0.0,0.0,0.0
1894,0.0,0.0,0.0,0.0
1895,0.0,0.0,0.0,0.0
1896,0.0,0.0,0.0,0.0
1897,0.0,0.0,0.0,0.0
1898,0.0,0.0,0.0,0.0
1899,0.0,0.0,0.0,0.0
1900,0.0,0.0,0.0,0.0
1901,0.0,0.0,0.0,0.0
1902,0.0,0.0,0.0,0.0
1903,0.0,0.0,0.0,0.0
1904,0.0,0.0,0.0,0.0
1905,0.0,0.0,0.0,0.0
1906,0.0,0.0,0.0,0.0
1907,0.0,0.0,0.0,0.0
1908,0.0,0.0,0.0,0.0
1909,0.0,0.0,0.0,0.0
1910,0.0,0.0,0.0,0.0
1911,0.0,0.0,0.0,0.0
1912,0.0,0.0,0.0,0.0
1913,0.0,0.0,0.0,0.0
1914,0.0,0.0,0.0,0.0
1915,0.0,0.0,0.0,0.0
1916,0.0,0.0,0.0,0.0
1917,0.0,0.0,0.0,0.0
1918,0.0,0.0,0.0,0.0
1919,0.0,0.0,0.0,0.0
1920,0.0,0.0,0.0,0.0
1921,0.0,0.0,0.0,0.0
1922,0.0,0.0,0.0,0.0
1923,0.0,0.0,0.0,0.0
1924,0.0,0.0,0.0,0.0
1925,0.0,0.0,0.0,0.0
1926,0.0,0.0,0.0,0.0
1927,0.0,0.0,0.0,0.0
1928,0.0,0.0,0.0,0.0
1929,0.0,0.0,0.0,0.0
1930,0.0,0.0,0.0,0.0
1931,0.0,0.0,0.0,0.0
1932,0.0,0.0,0.0,0.0
1933,0.0,0.0,0.0,0.0
1934,0.0,0.0,0.0,0.0
1935,0.0,0.0,0.0,0.0
1936,0.0,0.0,0.0,0.0
1937,0.0,0.0,0.0,0.0
1938,0.0,0.0,0.0,0.0
1939,0.0,0.0,0.0,0.0
1940,0.0,0.0,0.0,0.0
1941,0.0,0.0,0.0,0.0
1942,0.0,0.0,0.0,0.0
1943,0.0,0.0,0.0,0.0
1944,0.0,0.0,0.0,0.0
1945,0.0,0.0,0.0,0.0
1946,0.0,0.0,0.0,0.0
1947,0.0,0.0,0.0,0.0
1948,0.0,0.0,0.0,0.0
1949,0.0,0.0,0.0,0.0
1950,0.0,0.0,0.0,0.0
1951,0.0,0.0,0.0,0.0
1952,0.0,0.0,0.0,0.0
1953,0.0,0.0,0.0,0.0
1954,0.0,0.0,0.0,0.0
1955,0.0,0.0,0.0,0.0
1956,0.0,0.0,0.0,0.0
1957,0.0,0.0,0.0,0.0
1958,0.0,0.0,0.0,0.0
1959,0.0,0.0,0.0,0.0
1960,0.0,0.0,0.0,0.0
1961,0.0,0.0,0.0,0.0
1962,0.0,0.0,0.0,0.0
1963,0.0,0.0,0.0,0.0
1964,0.0,0.0,0.0,0.0
1965,0.0,0.0,0.0,0.0
1966,0.0,0.0,0.0,0.0
1967,0.0,0.0,0.0,0.0
1968,0.0,0.0,0.0,0.0
1969,0.0,0.0,0.0,0.0
1970,0.0,0.0,0.0,0.0
1971,0.0,0.0,0.0,0.0
1972,0.0,0.0,0.0,0.0
1973,0.0,0.0,0.0,0.0
1974,0.0,0.0,0.0,0.0
1975,0.0,0.0,0.0,0.0
1976,0.0,0.0,0.0,0.0
1977,0.0,0.0,0.0,0.0
1978,0.0,0.0,0.0,0.0
1979,0.0,0.0,0.0,0.0
1980,0.0,0.0,0.0,0.0
1981,0.0,0.0,0.0,0.0
1982,0.0,0.0,0.0,0.0
1983,0.0,0.0,0.0,0.0
1984,0.0,0.0,0.0,0.0
1985,0.0,0.0,0.0,0.0
1986,0.0,0.0,0.0,0.0
1987,0.0,0.0,0.0,0.0
1988,0.0,0.0,0.0,0.0
1989,0.0,0.0,0.0,0.0
1990,0.0,0.0,0.0,0.0
1991,0.0,0.0,0.0,0.0
1992,0.0,0.0,0.0,0.0
1993,0.0,0.0,0.0,0.0
1994,0.0,0.0,0.0,0.0
1995,0.0,0.0,0.0,0.0
1996,0.0,0.0,0.0,0.0
1997,0.0,0.0,0.0,0.0
1998,0.0,0.0,0.0,0.0
1999,0.0,0.0,0.0,0.0
